,time,code,open,high,low,close,volume,amount,open_interest
1,2020/1/2,dce.c0000,1911,1920,1910,1918,171359,3282180910,745137
2,2020/1/3,dce.c0000,1920,1925,1916,1918,213786,4104727770,750386
3,2020/1/6,dce.c0000,1918,1918,1910,1913,192497,3682523030,726670
4,2020/1/7,dce.c0000,1914,1927,1914,1926,316658,6087918640,759278
5,2020/1/8,dce.c0000,1925,1930,1917,1918,263566,5070914780,752277
6,2020/1/9,dce.c0000,1917,1923,1913,1921,236738,4540745900,745952
7,2020/1/10,dce.c0000,1916,1920,1906,1911,339786,6497626330,729045
8,2020/1/13,dce.c0000,1912,1919,1908,1918,231845,4436616820,727629
9,2020/1/14,dce.c0000,1918,1928,1917,1919,267652,5145872880,736336
10,2020/1/15,dce.c0000,1920,1927,1918,1924,175779,3381266270,747159
11,2020/1/16,dce.c0000,1925,1946,1923,1946,455532,8818913160,821648
12,2020/1/17,dce.c0000,1946,1949,1940,1947,233659,4542038700,822612
13,2020/1/20,dce.c0000,1949,1950,1936,1944,296335,5754687980,801496
14,2020/1/21,dce.c0000,1943,1944,1927,1928,266309,5154016090,747510
15,2020/1/22,dce.c0000,1928,1933,1909,1924,397782,7636454140,691572
16,2020/1/23,dce.c0000,1927,1927,1910,1912,244746,4690201350,652293
17,2020/2/3,dce.c0000,1920,1938,1912,1926,417028,8022990120,615781
18,2020/2/4,dce.c0000,1926,1948,1926,1944,496609,9620475440,620825
19,2020/2/5,dce.c0000,1928,1931,1912,1921,488028,9381707110,578006
20,2020/2/6,dce.c0000,1924,1935,1918,1934,346799,6678885020,594635
21,2020/2/7,dce.c0000,1934,1945,1931,1938,333246,6460530440,599895
22,2020/2/10,dce.c0000,1937,1940,1922,1926,305572,5898564700,582499
23,2020/2/11,dce.c0000,1924,1929,1920,1923,265358,5109007300,583845
24,2020/2/12,dce.c0000,1924,1931,1921,1923,216150,4162339640,586353
25,2020/2/13,dce.c0000,1924,1928,1921,1926,147053,2831723550,586741
26,2020/2/14,dce.c0000,1924,1927,1916,1919,271673,5215916300,580101
27,2020/2/17,dce.c0000,1919,1928,1915,1927,276751,5323589770,596425
28,2020/2/18,dce.c0000,1926,1926,1906,1907,370092,7087903080,585491
29,2020/2/19,dce.c0000,1905,1913,1900,1910,272527,5202200560,602931
30,2020/2/20,dce.c0000,1907,1912,1903,1905,194121,3703153590,611868
31,2020/2/21,dce.c0000,1904,1913,1901,1912,184719,3525542580,612412
32,2020/2/24,dce.c0000,1912,1917,1910,1913,210775,4033960280,593677
33,2020/2/25,dce.c0000,1913,1920,1909,1915,205596,3935179360,583010
34,2020/2/26,dce.c0000,1917,1918,1911,1913,108442,2075318990,586656
35,2020/2/27,dce.c0000,1914,1928,1913,1927,235906,4529428300,600975
36,2020/2/28,dce.c0000,1927,1933,1920,1922,389671,7502942530,574401
37,2020/3/2,dce.c0000,1927,1945,1927,1943,398068,7717634930,575044
38,2020/3/3,dce.c0000,1945,1950,1939,1941,277988,5401916690,556607
39,2020/3/4,dce.c0000,1942,1945,1936,1938,183093,3549937130,545478
40,2020/3/5,dce.c0000,1939,1945,1938,1943,139271,2705016220,554489
41,2020/3/6,dce.c0000,1941,1943,1933,1935,291177,5640794230,507824
42,2020/3/9,dce.c0000,1930,1938,1923,1933,263634,5090572830,484945
43,2020/3/10,dce.c0000,1933,1956,1931,1947,418114,8133351570,472822
44,2020/3/11,dce.c0000,2000,2023,1998,2020,532402,10709881830,616236
45,2020/3/12,dce.c0000,2018,2022,1992,2008,603587,12136812690,596137
46,2020/3/13,dce.c0000,2003,2015,1999,2010,359306,7214161760,605719
47,2020/3/16,dce.c0000,2006,2018,1997,1999,414472,8328619740,604072
48,2020/3/17,dce.c0000,1996,2001,1991,1995,311711,6220338700,554911
49,2020/3/18,dce.c0000,1994,2006,1985,1987,405333,8083730540,542611
50,2020/3/19,dce.c0000,1989,1992,1981,1985,340035,6753082950,512084
51,2020/3/20,dce.c0000,1989,2002,1989,2001,291008,5808560210,528549
52,2020/3/23,dce.c0000,2005,2021,2002,2017,500394,10081666850,600364
53,2020/3/24,dce.c0000,2017,2018,2005,2013,301978,6073719100,584361
54,2020/3/25,dce.c0000,2014,2029,2012,2026,456548,9225654110,659469
55,2020/3/26,dce.c0000,2024,2033,2018,2018,376209,7614241880,659097
56,2020/3/27,dce.c0000,2021,2035,2020,2034,357148,7248595230,724010
57,2020/3/30,dce.c0000,2044,2062,2041,2046,661156,13551583080,791246
58,2020/3/31,dce.c0000,2047,2051,2038,2048,332390,6796266560,777752
59,2020/4/1,dce.c0000,2048,2056,2032,2037,514412,10516809590,758451
60,2020/4/2,dce.c0000,2036,2049,2022,2031,561942,11439962290,747346
61,2020/4/3,dce.c0000,2035,2039,2028,2033,309144,6285955720,747278
62,2020/4/7,dce.c0000,2039,2039,2028,2030,285245,5797703420,754826
63,2020/4/8,dce.c0000,2032,2047,2027,2045,319063,6503417850,810646
64,2020/4/9,dce.c0000,2047,2051,2041,2043,279106,5707806830,816187
65,2020/4/10,dce.c0000,2043,2045,2036,2043,266019,5426997860,809692
66,2020/4/13,dce.c0000,2044,2050,2040,2044,292850,5991307560,811910
67,2020/4/14,dce.c0000,2044,2056,2043,2051,361080,7399898540,812917
68,2020/4/15,dce.c0000,2051,2072,2051,2070,472699,9752459740,863922
69,2020/4/16,dce.c0000,2070,2079,2063,2065,377090,7805034590,829445
70,2020/4/17,dce.c0000,2065,2070,2057,2065,278225,5741996980,840716
71,2020/4/20,dce.c0000,2068,2082,2059,2060,551718,11424642540,848777
72,2020/4/21,dce.c0000,2060,2066,2051,2063,385144,7935279700,814928
73,2020/4/22,dce.c0000,2066,2072,2058,2069,317661,6559950360,823479
74,2020/4/23,dce.c0000,2068,2079,2066,2078,307981,6383507450,863729
75,2020/4/24,dce.c0000,2079,2087,2077,2079,318450,6629758290,872136
76,2020/4/27,dce.c0000,2090,2109,2088,2098,526523,11046473980,908903
77,2020/4/28,dce.c0000,2099,2108,2091,2096,383772,8054932730,901454
78,2020/4/29,dce.c0000,2100,2102,2091,2094,225118,4716042470,889499
79,2020/4/30,dce.c0000,2091,2093,2067,2074,571093,11858893960,826144
80,2020/5/6,dce.c0000,2090,2094,2083,2086,297501,6211889680,820431
81,2020/5/7,dce.c0000,2086,2090,2068,2071,398613,8293872500,864634
82,2020/5/8,dce.c0000,2071,2074,2055,2061,546809,11276766070,861234
83,2020/5/11,dce.c0000,2060,2067,2045,2045,456688,9386402950,833566
84,2020/5/12,dce.c0000,2048,2053,2040,2045,310070,6346342180,822629
85,2020/5/13,dce.c0000,2045,2059,2042,2048,328806,6740123380,791321
86,2020/5/14,dce.c0000,2049,2054,2042,2043,292768,5995800140,784887
87,2020/5/15,dce.c0000,2042,2053,2027,2027,505393,10302510290,737518
88,2020/5/18,dce.c0000,2027,2051,2026,2049,452774,9240070790,742380
89,2020/5/19,dce.c0000,2049,2050,2038,2043,235754,4818772880,746854
90,2020/5/20,dce.c0000,2038,2041,2013,2032,589104,11922255790,739135
91,2020/5/21,dce.c0000,2027,2045,2019,2019,432862,8798903960,726250
92,2020/5/22,dce.c0000,2014,2027,2013,2022,311634,6294387730,725748
93,2020/5/25,dce.c0000,2019,2043,2018,2039,381542,7757074520,716486
94,2020/5/26,dce.c0000,2035,2047,2031,2041,263566,5376376710,715661
95,2020/5/27,dce.c0000,2043,2053,2040,2053,277610,5681158190,703883
96,2020/5/28,dce.c0000,2050,2066,2048,2062,410361,8441504110,724506
97,2020/5/29,dce.c0000,2062,2082,2062,2078,413582,8578410220,711962
98,2020/6/1,dce.c0000,2078,2084,2062,2069,418245,8666026180,686909
99,2020/6/2,dce.c0000,2070,2076,2064,2067,231800,4795277820,694754
100,2020/6/3,dce.c0000,2067,2074,2061,2065,285677,5905607060,676553
101,2020/6/4,dce.c0000,2065,2070,2053,2062,312368,6434694790,659380
102,2020/6/5,dce.c0000,2063,2075,2056,2073,293781,6071379190,674946
103,2020/6/8,dce.c0000,2073,2074,2056,2062,341966,7052930650,652342
104,2020/6/9,dce.c0000,2062,2079,2058,2077,388617,8047096720,661397
105,2020/6/10,dce.c0000,2077,2087,2071,2085,351148,7296711080,691236
106,2020/6/11,dce.c0000,2083,2098,2083,2096,373496,7815455660,701474
107,2020/6/12,dce.c0000,2094,2103,2085,2094,408468,8549816770,679312
108,2020/6/15,dce.c0000,2095,2123,2094,2118,597654,12632285210,711509
109,2020/6/16,dce.c0000,2118,2119,2111,2117,273447,5783773020,708427
110,2020/6/17,dce.c0000,2120,2129,2107,2127,407059,8623780330,721868
111,2020/6/18,dce.c0000,2122,2149,2122,2129,648457,13848939140,717036
112,2020/6/19,dce.c0000,2127,2130,2107,2121,510813,10821546340,710253
113,2020/6/22,dce.c0000,2120,2120,2096,2097,562586,11865783840,721620
114,2020/6/23,dce.c0000,2094,2108,2079,2088,623434,13051944570,675007
115,2020/6/24,dce.c0000,2090,2095,2081,2086,359428,7503171510,686347
116,2020/6/29,dce.c0000,2094,2121,2083,2118,594137,12471880570,710461
117,2020/6/30,dce.c0000,2112,2113,2082,2090,529597,11090535040,695443
118,2020/7/1,dce.c0000,2090,2101,2088,2096,318563,6675356050,692657
119,2020/7/2,dce.c0000,2096,2102,2076,2100,450631,9415495420,662394
120,2020/7/3,dce.c0000,2101,2114,2100,2106,436732,9203810170,660690
121,2020/7/6,dce.c0000,2106,2120,2102,2116,300265,6342827680,657160
122,2020/7/7,dce.c0000,2116,2124,2111,2114,330366,6993907350,653638
123,2020/7/8,dce.c0000,2114,2119,2110,2113,197125,4167994460,646334
124,2020/7/9,dce.c0000,2115,2148,2114,2145,489786,10448688270,654622
125,2020/7/10,dce.c0000,2148,2154,2134,2144,384916,8249305520,644794
126,2020/7/13,dce.c0000,2141,2151,2134,2144,398319,8533363900,636521
127,2020/7/14,dce.c0000,2144,2156,2120,2135,536936,11490984730,596852
128,2020/7/15,dce.c0000,2139,2152,2123,2146,489919,10478205920,538790
129,2020/7/16,dce.c0000,2146,2166,2142,2156,510348,10999202620,541880
130,2020/7/17,dce.c0000,2155,2164,2151,2162,236793,5108584440,533341
131,2020/7/20,dce.c0000,2165,2202,2162,2190,796266,17389676940,564361
132,2020/7/21,dce.c0000,2186,2193,2167,2181,480011,10467700240,534259
133,2020/7/22,dce.c0000,2181,2203,2172,2189,469830,10276500840,528481
134,2020/7/23,dce.c0000,2190,2246,2190,2240,888931,19742189620,555344
135,2020/7/24,dce.c0000,2240,2265,2230,2264,722725,16254970310,550127
136,2020/7/27,dce.c0000,2260,2346,2254,2340,1063827,24567810390,515779
137,2020/7/28,dce.c0000,2350,2350,2274,2294,981656,22643315080,472857
138,2020/7/29,dce.c0000,2300,2319,2289,2311,612648,14124679930,449234
139,2020/7/30,dce.c0000,2307,2327,2287,2321,727769,16799569120,421455
140,2020/7/31,dce.c0000,2321,2366,2311,2323,813221,18987000870,390721
141,2020/8/3,dce.c0000,2317,2329,2292,2318,545375,12613859670,348519
142,2020/8/4,dce.c0000,2319,2326,2300,2311,321251,7422507460,310930
143,2020/8/5,dce.c0000,2305,2310,2283,2285,308680,7088533220,268157
144,2020/8/6,dce.c0000,2281,2316,2276,2284,306339,7027991150,241636
145,2020/8/7,dce.c0000,2247,2254,2223,2224,498765,11139119550,931777
146,2020/8/10,dce.c0000,2224,2238,2213,2219,506858,11266344620,944652
147,2020/8/11,dce.c0000,2220,2234,2217,2231,359164,8001684550,961737
148,2020/8/12,dce.c0000,2231,2240,2216,2224,566009,12604569440,967320
149,2020/8/13,dce.c0000,2224,2238,2221,2228,392477,8742138230,994013
150,2020/8/14,dce.c0000,2227,2301,2225,2296,1391064,31607701730,1136517
151,2020/8/17,dce.c0000,2298,2314,2275,2299,1088317,24981249550,1149261
152,2020/8/18,dce.c0000,2299,2322,2286,2290,908989,20931744950,1157236
153,2020/8/19,dce.c0000,2290,2308,2286,2301,492615,11306636080,1151579
154,2020/8/20,dce.c0000,2302,2320,2285,2310,860876,19850092430,1205647
155,2020/8/21,dce.c0000,2310,2318,2284,2300,595479,13684857510,1171082
156,2020/8/24,dce.c0000,2299,2303,2259,2266,724161,16484666730,1179581
157,2020/8/25,dce.c0000,2272,2283,2266,2275,393890,8957135350,1192202
158,2020/8/26,dce.c0000,2275,2298,2274,2298,605466,13855300390,1217493
159,2020/8/27,dce.c0000,2297,2302,2256,2257,857264,19528523350,1241182
160,2020/8/28,dce.c0000,2257,2272,2252,2267,519963,11763467290,1217732
161,2020/8/31,dce.c0000,2263,2270,2254,2262,439151,9936641290,1218279
162,2020/9/1,dce.c0000,2265,2280,2262,2273,510678,11598261140,1226494
163,2020/9/2,dce.c0000,2270,2295,2267,2290,700329,16008056510,1248039
164,2020/9/3,dce.c0000,2290,2290,2270,2275,565633,12890558300,1200068
165,2020/9/4,dce.c0000,2280,2300,2276,2296,911164,20879879340,1201340
166,2020/9/7,dce.c0000,2301,2350,2291,2347,1284416,29880961250,1293669
167,2020/9/8,dce.c0000,2347,2351,2323,2335,737485,17221782020,1275438
168,2020/9/9,dce.c0000,2330,2344,2322,2335,596355,13915781590,1281355
169,2020/9/10,dce.c0000,2335,2372,2332,2370,947656,22328703940,1360893
170,2020/9/11,dce.c0000,2370,2401,2361,2398,874180,20836411300,1425515
171,2020/9/14,dce.c0000,2399,2450,2395,2419,1210110,29272850790,1412838
172,2020/9/15,dce.c0000,2424,2433,2391,2402,854179,20578869290,1380209
173,2020/9/16,dce.c0000,2404,2418,2392,2410,721322,17361182060,1393145
174,2020/9/17,dce.c0000,2414,2447,2410,2426,934707,22712028870,1443252
175,2020/9/18,dce.c0000,2423,2490,2415,2484,1267220,31156646130,1576127
176,2020/9/21,dce.c0000,2484,2496,2469,2476,994327,24659029930,1579089
177,2020/9/22,dce.c0000,2472,2499,2455,2470,1270877,31425907080,1584047
178,2020/9/23,dce.c0000,2471,2486,2410,2421,1613504,39445752970,1444557
179,2020/9/24,dce.c0000,2423,2444,2411,2438,804738,19549338750,1417015
180,2020/9/25,dce.c0000,2435,2439,2416,2428,554756,13462882980,1399152
181,2020/9/28,dce.c0000,2424,2479,2420,2464,858194,21081608060,1369132
182,2020/9/29,dce.c0000,2464,2468,2451,2462,417658,10272502320,1356682
183,2020/9/30,dce.c0000,2459,2470,2439,2468,606159,14861327270,1336872
184,2020/10/9,dce.c0000,2499,2550,2495,2537,709524,17915879000,1398935
185,2020/10/12,dce.c0000,2537,2580,2510,2571,1041509,26553339120,1400605
186,2020/10/13,dce.c0000,2575,2575,2544,2562,705659,18041619330,1406586
187,2020/10/14,dce.c0000,2556,2595,2556,2566,1201189,30938505210,1420211
188,2020/10/15,dce.c0000,2566,2572,2514,2549,1127609,28745738080,1411372
189,2020/10/16,dce.c0000,2547,2586,2536,2584,856774,21926547180,1442034
190,2020/10/19,dce.c0000,2590,2629,2581,2589,1434580,37289050070,1446902
191,2020/10/20,dce.c0000,2596,2610,2581,2591,784199,20335840290,1449344
192,2020/10/21,dce.c0000,2591,2597,2565,2587,887310,22940163430,1424793
193,2020/10/22,dce.c0000,2587,2592,2563,2575,600838,15476150800,1396852
194,2020/10/23,dce.c0000,2580,2581,2567,2572,532045,13693390260,1362780
195,2020/10/26,dce.c0000,2577,2600,2570,2583,928007,23985202070,1342999
196,2020/10/27,dce.c0000,2585,2597,2575,2590,614085,15891625140,1301335
197,2020/10/28,dce.c0000,2592,2609,2582,2603,760490,19741993090,1323016
198,2020/10/29,dce.c0000,2588,2612,2581,2608,821259,21344603600,1314620
199,2020/10/30,dce.c0000,2604,2626,2589,2621,803977,20973781710,1314699
200,2020/11/2,dce.c0000,2624,2628,2548,2553,1301642,33586676730,1164678
201,2020/11/3,dce.c0000,2555,2566,2533,2540,703283,17920102180,1144185
202,2020/11/4,dce.c0000,2545,2552,2539,2547,427894,10886638680,1142020
203,2020/11/5,dce.c0000,2546,2565,2540,2556,592812,15138177250,1103205
204,2020/11/6,dce.c0000,2560,2569,2536,2541,552563,14089994720,1069925
205,2020/11/9,dce.c0000,2542,2544,2492,2527,1017986,25628240400,1020289
206,2020/11/10,dce.c0000,2530,2538,2513,2519,431413,10894887830,1019225
207,2020/11/11,dce.c0000,2514,2556,2514,2553,595027,15118727210,999191
208,2020/11/12,dce.c0000,2550,2566,2542,2559,402855,10292770920,980719
209,2020/11/13,dce.c0000,2559,2572,2550,2564,411208,10532696260,938413
210,2020/11/16,dce.c0000,2565,2611,2562,2592,620047,16054592250,910594
211,2020/11/17,dce.c0000,2593,2601,2580,2597,469211,12160982590,869407
212,2020/11/18,dce.c0000,2597,2603,2581,2590,412480,10685603960,827016
213,2020/11/19,dce.c0000,2590,2619,2585,2610,434718,11321752880,826544
214,2020/11/20,dce.c0000,2610,2614,2589,2599,446272,11611559120,787438
215,2020/11/23,dce.c0000,2603,2615,2592,2604,513376,13370572790,721379
216,2020/11/24,dce.c0000,2604,2606,2567,2570,470567,12182249620,648155
217,2020/11/25,dce.c0000,2570,2590,2551,2575,516376,13285505180,620656
218,2020/11/26,dce.c0000,2576,2597,2574,2594,307492,7949516870,597112
219,2020/11/27,dce.c0000,2595,2596,2571,2578,338275,8727200690,542269
220,2020/11/30,dce.c0000,2573,2612,2573,2601,398152,10345347190,499076
221,2020/12/1,dce.c0000,2681,2692,2668,2682,499151,13379801540,1006913
222,2020/12/2,dce.c0000,2689,2689,2651,2655,511321,13630794840,995767
223,2020/12/3,dce.c0000,2652,2666,2644,2649,425020,11282919690,991186
224,2020/12/4,dce.c0000,2640,2655,2621,2651,580833,15309150950,991691
225,2020/12/7,dce.c0000,2642,2646,2609,2618,625378,16424045690,1008531
226,2020/12/8,dce.c0000,2615,2630,2586,2588,580735,15138704160,1048708
227,2020/12/9,dce.c0000,2589,2615,2588,2610,450893,11735430510,1043874
228,2020/12/10,dce.c0000,2604,2619,2596,2609,431087,11235852630,1020805
229,2020/12/11,dce.c0000,2606,2610,2580,2602,688176,17853830970,1009946
230,2020/12/14,dce.c0000,2602,2609,2566,2578,607697,15681761020,1002172
231,2020/12/15,dce.c0000,2577,2587,2556,2569,460013,11804007820,1020148
232,2020/12/16,dce.c0000,2569,2607,2564,2605,511740,13242016420,1010664
233,2020/12/17,dce.c0000,2602,2615,2598,2613,421895,11000521120,1010881
234,2020/12/18,dce.c0000,2613,2623,2601,2615,411525,10747047010,1008281
235,2020/12/21,dce.c0000,2615,2648,2610,2645,563884,14862598320,972984
236,2020/12/22,dce.c0000,2643,2652,2631,2646,544907,14393796270,980771
237,2020/12/23,dce.c0000,2649,2682,2638,2674,741243,19727946220,1013119
238,2020/12/24,dce.c0000,2675,2677,2664,2667,413937,11051529730,999561
239,2020/12/25,dce.c0000,2667,2684,2653,2678,771163,20596268900,1019746
240,2020/12/28,dce.c0000,2674,2719,2671,2708,1012063,27308630450,1044861
241,2020/12/29,dce.c0000,2713,2713,2686,2698,523370,14119928540,1011552
242,2020/12/30,dce.c0000,2701,2732,2692,2731,614470,16674671810,1049822
243,2020/12/31,dce.c0000,2727,2747,2723,2742,609624,16687914390,1061496
244,2021/1/4,dce.c0000,2755,2779,2741,2746,633210,17487494340,1059080
245,2021/1/5,dce.c0000,2745,2778,2745,2769,472285,13037908460,1094574
246,2021/1/6,dce.c0000,2775,2798,2770,2786,481960,13404677850,1111724
247,2021/1/7,dce.c0000,2786,2811,2784,2806,510463,14297627750,1095080
248,2021/1/8,dce.c0000,2810,2840,2803,2836,630350,17784667550,1116754
249,2021/1/11,dce.c0000,2842,2911,2801,2837,1181606,33745880270,1073199
250,2021/1/12,dce.c0000,2840,2875,2807,2868,802689,22819722890,1092354
251,2021/1/13,dce.c0000,2872,2930,2866,2872,953481,27564358590,1084579
252,2021/1/14,dce.c0000,2877,2885,2831,2845,823129,23487361630,1076007
253,2021/1/15,dce.c0000,2846,2880,2842,2869,597012,17074394240,1080935
254,2021/1/18,dce.c0000,2875,2910,2872,2881,727775,21033046750,1102730
255,2021/1/19,dce.c0000,2877,2897,2852,2868,625844,18001532380,1091791
256,2021/1/20,dce.c0000,2868,2874,2832,2845,636369,18132198840,1068392
257,2021/1/21,dce.c0000,2847,2873,2840,2849,546861,15618422740,1061698
258,2021/1/22,dce.c0000,2845,2860,2805,2821,832591,23544299930,1047012
259,2021/1/25,dce.c0000,2820,2837,2752,2772,945135,26366229470,1004266
260,2021/1/26,dce.c0000,2772,2791,2764,2773,502124,13953210340,994151
261,2021/1/27,dce.c0000,2778,2796,2757,2765,666309,18508396820,985514
262,2021/1/28,dce.c0000,2768,2775,2725,2727,737921,20265421560,984379
263,2021/1/29,dce.c0000,2730,2737,2704,2714,622614,16939168740,995416
264,2021/2/1,dce.c0000,2714,2778,2714,2774,731015,20124998540,984516
265,2021/2/2,dce.c0000,2774,2775,2753,2767,373350,10317444080,977187
266,2021/2/3,dce.c0000,2763,2785,2743,2776,498774,13768803610,967756
267,2021/2/4,dce.c0000,2773,2789,2764,2784,433197,12028751940,956299
268,2021/2/5,dce.c0000,2779,2818,2778,2818,471733,13185854130,972352
269,2021/2/8,dce.c0000,2818,2829,2750,2754,810869,22609928690,932429
270,2021/2/9,dce.c0000,2757,2777,2754,2769,391922,10837569670,919000
271,2021/2/10,dce.c0000,2766,2786,2764,2767,361125,10016597810,889316
272,2021/2/18,dce.c0000,2782,2832,2765,2828,559446,15691190800,889835
273,2021/2/19,dce.c0000,2822,2836,2790,2815,616083,17348812480,886743
274,2021/2/22,dce.c0000,2820,2855,2776,2797,1167525,32832950450,833606
275,2021/2/23,dce.c0000,2797,2805,2763,2786,823365,22899811300,831486
276,2021/2/24,dce.c0000,2792,2815,2768,2810,672916,18777911280,842071
277,2021/2/25,dce.c0000,2812,2840,2802,2827,703379,19826258170,826248
278,2021/2/26,dce.c0000,2828,2832,2776,2777,753143,21090866020,792753
279,2021/3/1,dce.c0000,2783,2813,2773,2789,598965,16709433710,783007
280,2021/3/2,dce.c0000,2785,2797,2760,2781,561589,15598246720,765142
281,2021/3/3,dce.c0000,2786,2792,2762,2763,470821,13071710030,765137
282,2021/3/4,dce.c0000,2763,2769,2748,2758,512033,14130968790,735833
283,2021/3/5,dce.c0000,2763,2822,2758,2819,825375,23033433880,714487
284,2021/3/8,dce.c0000,2818,2831,2798,2824,611638,17214513490,685152
285,2021/3/9,dce.c0000,2820,2821,2768,2771,621703,17298270450,613730
286,2021/3/10,dce.c0000,2771,2776,2713,2716,797860,21895759640,652155
287,2021/3/11,dce.c0000,2722,2730,2701,2710,596302,16200667810,658841
288,2021/3/12,dce.c0000,2710,2731,2661,2717,891493,24063273460,656045
289,2021/3/15,dce.c0000,2717,2721,2669,2710,540420,14575237430,644504
290,2021/3/16,dce.c0000,2710,2726,2694,2716,436868,11840616220,622082
291,2021/3/17,dce.c0000,2721,2740,2696,2704,517709,14071506980,607797
292,2021/3/18,dce.c0000,2700,2711,2680,2695,422242,11383205830,603070
293,2021/3/19,dce.c0000,2695,2713,2686,2706,366892,9903880240,595853
294,2021/3/22,dce.c0000,2700,2735,2699,2725,468638,12738076680,569106
295,2021/3/23,dce.c0000,2725,2727,2713,2719,296056,8048576190,552622
296,2021/3/24,dce.c0000,2719,2731,2703,2709,391501,10642096830,549836
297,2021/3/25,dce.c0000,2712,2730,2706,2709,398488,10824135450,519754
298,2021/3/26,dce.c0000,2710,2724,2703,2713,354188,9615587600,510313
299,2021/3/29,dce.c0000,2712,2717,2636,2654,853428,22813392880,547185
300,2021/3/30,dce.c0000,2662,2667,2633,2637,426816,11313944580,552246
301,2021/3/31,dce.c0000,2630,2643,2605,2631,510109,13388162530,545537
302,2021/4/1,dce.c0000,2633,2706,2612,2626,590974,15605763260,504639
303,2021/4/2,dce.c0000,2616,2627,2593,2603,479641,12519796790,493278
304,2021/4/6,dce.c0000,2621,2637,2598,2631,306487,8025936860,460257
305,2021/4/7,dce.c0000,2646,2665,2623,2659,405437,10721746050,413885
306,2021/4/8,dce.c0000,2660,2713,2652,2712,476130,12789268480,381233
307,2021/4/9,dce.c0000,2711,2715,2686,2692,352830,9515799420,336305
308,2021/4/12,dce.c0000,2692,2698,2670,2674,281113,7538824920,315143
309,2021/4/13,dce.c0000,2624,2645,2609,2639,415753,10917023750,463565
310,2021/4/14,dce.c0000,2639,2656,2633,2646,364471,9634905450,473071
311,2021/4/15,dce.c0000,2646,2685,2646,2684,502619,13415903440,494973
312,2021/4/16,dce.c0000,2686,2701,2679,2699,510022,13721260940,542930
313,2021/4/19,dce.c0000,2699,2722,2683,2712,522225,14122122170,572979
314,2021/4/20,dce.c0000,2717,2722,2670,2703,473794,12786619070,586805
315,2021/4/21,dce.c0000,2703,2719,2697,2717,380905,10324422140,605232
316,2021/4/22,dce.c0000,2718,2757,2718,2753,489047,13390016020,619462
317,2021/4/23,dce.c0000,2753,2774,2750,2759,437733,12084474090,639323
318,2021/4/26,dce.c0000,2759,2767,2722,2744,458001,12596866930,636535
319,2021/4/27,dce.c0000,2744,2779,2744,2764,471482,13017140600,639252
320,2021/4/28,dce.c0000,2764,2772,2730,2769,591904,16308718390,634182
321,2021/4/29,dce.c0000,2770,2774,2745,2751,415629,11461961560,632604
322,2021/4/30,dce.c0000,2756,2759,2717,2733,507846,13898343710,591569
323,2021/5/6,dce.c0000,2759,2771,2751,2763,466637,12880361820,584774
324,2021/5/7,dce.c0000,2762,2838,2757,2817,697127,19531130850,633796
325,2021/5/10,dce.c0000,2817,2850,2813,2832,680043,19266658520,610826
326,2021/5/11,dce.c0000,2832,2840,2811,2831,431048,12184838620,613324
327,2021/5/12,dce.c0000,2839,2887,2833,2872,682326,19503949520,639223
328,2021/5/13,dce.c0000,2870,2870,2792,2803,717965,20278844970,575097
329,2021/5/14,dce.c0000,2800,2808,2761,2782,530529,14748567490,565365
330,2021/5/17,dce.c0000,2783,2813,2760,2772,576336,16026856980,555651
331,2021/5/18,dce.c0000,2775,2783,2761,2774,405312,11230793650,559518
332,2021/5/19,dce.c0000,2770,2788,2745,2768,477745,13201346520,555526
333,2021/5/20,dce.c0000,2767,2772,2731,2759,530334,14595514020,548416
334,2021/5/21,dce.c0000,2769,2784,2756,2764,577242,15985655660,544727
335,2021/5/24,dce.c0000,2764,2773,2711,2737,724509,19894090680,523049
336,2021/5/25,dce.c0000,2735,2760,2724,2730,478360,13111400340,526333
337,2021/5/26,dce.c0000,2733,2740,2668,2670,747357,20147854650,596053
338,2021/5/27,dce.c0000,2665,2690,2655,2669,519573,13882879350,603841
339,2021/5/28,dce.c0000,2669,2722,2662,2682,581869,15632467340,589064
340,2021/5/31,dce.c0000,2682,2710,2659,2666,562718,15101780080,595732
341,2021/6/1,dce.c0000,2663,2696,2657,2693,453044,12144823280,583709
342,2021/6/2,dce.c0000,2702,2724,2690,2715,502304,13599671880,554438
343,2021/6/3,dce.c0000,2715,2740,2707,2733,439278,11985797100,547029
344,2021/6/4,dce.c0000,2731,2734,2697,2713,503205,13667696480,543467
345,2021/6/7,dce.c0000,2725,2735,2699,2705,502249,13636038920,545309
346,2021/6/8,dce.c0000,2705,2708,2670,2689,525170,14118185300,555877
347,2021/6/9,dce.c0000,2689,2712,2679,2707,415042,11172081320,549904
348,2021/6/10,dce.c0000,2705,2735,2693,2730,531460,14438551240,543886
349,2021/6/11,dce.c0000,2735,2768,2721,2765,532189,14590017880,562564
350,2021/6/15,dce.c0000,2738,2740,2674,2682,634997,17093031450,517719
351,2021/6/16,dce.c0000,2682,2696,2666,2668,415274,11134143700,541446
352,2021/6/17,dce.c0000,2668,2689,2666,2670,368653,9871735530,551490
353,2021/6/18,dce.c0000,2661,2663,2601,2619,764369,20063225310,578082
354,2021/6/21,dce.c0000,2624,2632,2568,2595,611441,15871424350,606561
355,2021/6/22,dce.c0000,2589,2605,2580,2583,383150,9930190280,603941
356,2021/6/23,dce.c0000,2580,2603,2569,2597,420323,10880152480,596105
357,2021/6/24,dce.c0000,2590,2609,2583,2588,457926,11877058650,613790
358,2021/6/25,dce.c0000,2582,2607,2575,2588,352753,9135717400,617549
359,2021/6/28,dce.c0000,2588,2616,2556,2614,644631,16728082460,601017
360,2021/6/29,dce.c0000,2614,2636,2599,2627,443735,11631507820,579767
361,2021/6/30,dce.c0000,2622,2625,2606,2613,347822,9094419640,566391
362,2021/7/1,dce.c0000,2613,2657,2600,2621,600026,15746644200,573397
363,2021/7/2,dce.c0000,2623,2641,2621,2631,479488,12616743510,543449
364,2021/7/5,dce.c0000,2631,2631,2575,2607,712061,18503889100,571519
365,2021/7/6,dce.c0000,2607,2609,2582,2588,427402,11083033540,589661
366,2021/7/7,dce.c0000,2588,2603,2567,2574,574866,14851570130,609367
367,2021/7/8,dce.c0000,2562,2585,2557,2569,518546,13330671790,621060
368,2021/7/9,dce.c0000,2569,2574,2558,2567,408378,10483766110,630818
369,2021/7/12,dce.c0000,2565,2587,2543,2556,690785,17699421050,656057
370,2021/7/13,dce.c0000,2565,2601,2557,2595,669104,17258492920,618899
371,2021/7/14,dce.c0000,2591,2627,2581,2624,649754,16944944940,608248
372,2021/7/15,dce.c0000,2623,2629,2604,2609,462930,12116399600,590230
373,2021/7/16,dce.c0000,2618,2618,2572,2574,620664,16072994240,572564
374,2021/7/19,dce.c0000,2576,2588,2527,2528,729205,18577748730,634636
375,2021/7/20,dce.c0000,2530,2537,2509,2517,516727,13033688690,654959
376,2021/7/21,dce.c0000,2525,2541,2511,2519,499581,12615244320,669156
377,2021/7/22,dce.c0000,2519,2532,2506,2512,448619,11308315190,674463
378,2021/7/23,dce.c0000,2511,2534,2502,2524,441752,11146664820,645571
379,2021/7/26,dce.c0000,2531,2555,2525,2544,569926,14481920600,601470
380,2021/7/27,dce.c0000,2548,2582,2533,2577,638287,16332833740,543865
381,2021/7/28,dce.c0000,2570,2578,2553,2564,384356,9865317110,519314
382,2021/7/29,dce.c0000,2569,2577,2555,2562,335997,8614235190,507840
383,2021/7/30,dce.c0000,2562,2575,2561,2573,330728,8498653520,501985
384,2021/8/2,dce.c0000,2572,2595,2543,2591,701302,18044478930,467324
385,2021/8/3,dce.c0000,2591,2610,2582,2607,446864,11614617800,460737
386,2021/8/4,dce.c0000,2608,2611,2586,2608,410852,10676222320,441559
387,2021/8/5,dce.c0000,2617,2627,2606,2616,412409,10792962530,424234
388,2021/8/6,dce.c0000,2616,2629,2600,2601,410858,10739703500,408747
389,2021/8/9,dce.c0000,2603,2614,2594,2604,375017,9765506250,391305
390,2021/8/10,dce.c0000,2603,2608,2571,2577,388623,10053276540,376829
391,2021/8/11,dce.c0000,2578,2591,2568,2580,317525,8185685990,344417
392,2021/8/12,dce.c0000,2577,2615,2575,2614,408318,10614382950,320088
393,2021/8/13,dce.c0000,2594,2632,2594,2631,305291,7982693390,292738
394,2021/8/16,dce.c0000,2603,2617,2585,2597,716915,18660867260,539311
395,2021/8/17,dce.c0000,2597,2598,2581,2593,447490,11585297960,560519
396,2021/8/18,dce.c0000,2595,2606,2553,2556,726655,18694868700,586245
397,2021/8/19,dce.c0000,2558,2568,2551,2552,449579,11499416790,589486
398,2021/8/20,dce.c0000,2550,2557,2500,2501,781820,19720580050,703785
399,2021/8/23,dce.c0000,2501,2519,2487,2497,568026,14209428340,733801
400,2021/8/24,dce.c0000,2497,2516,2495,2510,410981,10312364940,725114
401,2021/8/25,dce.c0000,2505,2523,2501,2502,386402,9706945420,736831
402,2021/8/26,dce.c0000,2507,2510,2492,2494,425434,10637455920,751177
403,2021/8/27,dce.c0000,2494,2504,2474,2478,549153,13659702110,793999
404,2021/8/30,dce.c0000,2478,2494,2472,2482,494510,12271178880,811298
405,2021/8/31,dce.c0000,2485,2490,2476,2487,328320,8154314380,807879
406,2021/9/1,dce.c0000,2486,2486,2462,2463,544967,13483755680,866107
407,2021/9/2,dce.c0000,2463,2510,2457,2495,773320,19183391360,809534
408,2021/9/3,dce.c0000,2497,2499,2487,2491,383528,9560851390,797303
409,2021/9/6,dce.c0000,2491,2497,2458,2461,608677,15040787200,875136
410,2021/9/7,dce.c0000,2465,2468,2455,2462,394608,9717140660,891943
411,2021/9/8,dce.c0000,2458,2486,2452,2461,676642,16712273390,889115
412,2021/9/9,dce.c0000,2465,2469,2450,2463,577549,14207315800,897907
413,2021/9/10,dce.c0000,2463,2470,2451,2453,478154,11758453100,937135
414,2021/9/13,dce.c0000,2459,2484,2455,2477,824087,20369802040,906391
415,2021/9/14,dce.c0000,2475,2477,2455,2457,589349,14501806200,959444
416,2021/9/15,dce.c0000,2460,2475,2455,2459,656907,16202807100,943203
417,2021/9/16,dce.c0000,2457,2462,2436,2437,753753,18453905350,1029494
418,2021/9/17,dce.c0000,2442,2448,2434,2437,486668,11883671200,1018734
419,2021/9/22,dce.c0000,2430,2466,2429,2463,630994,15493948620,972714
420,2021/9/23,dce.c0000,2457,2485,2457,2484,656923,16237493690,955940
421,2021/9/24,dce.c0000,2478,2490,2476,2485,501064,12454495280,941241
422,2021/9/27,dce.c0000,2485,2491,2465,2481,506820,12563807950,915759
423,2021/9/28,dce.c0000,2481,2495,2469,2473,480349,11914230480,907125
424,2021/9/29,dce.c0000,2473,2483,2468,2481,407121,10077508530,867857
425,2021/9/30,dce.c0000,2481,2520,2471,2520,737415,18419281070,821784
426,2021/10/8,dce.c0000,2510,2510,2480,2490,504363,12556717860,834412
427,2021/10/11,dce.c0000,2490,2548,2489,2544,854210,21558440040,856064
428,2021/10/12,dce.c0000,2544,2554,2529,2537,593124,15051357430,840483
429,2021/10/13,dce.c0000,2537,2584,2519,2558,866211,22130830060,853987
430,2021/10/14,dce.c0000,2550,2558,2523,2527,521831,13237139250,831215
431,2021/10/15,dce.c0000,2530,2573,2529,2572,727981,18602313710,847623
432,2021/10/18,dce.c0000,2562,2565,2535,2542,579243,14779232640,837716
433,2021/10/19,dce.c0000,2538,2575,2534,2569,641767,16408254660,850074
434,2021/10/20,dce.c0000,2564,2576,2551,2568,568175,14566026960,843108
435,2021/10/21,dce.c0000,2568,2591,2567,2569,556259,14354647160,841091
436,2021/10/22,dce.c0000,2571,2583,2560,2568,570999,14669891530,807122
437,2021/10/25,dce.c0000,2568,2621,2540,2618,1011967,26163631710,779568
438,2021/10/26,dce.c0000,2622,2644,2608,2628,690115,18101265590,773460
439,2021/10/27,dce.c0000,2627,2627,2597,2609,448599,11713904430,766723
440,2021/10/28,dce.c0000,2609,2611,2565,2587,820926,21262057530,701823
441,2021/10/29,dce.c0000,2588,2635,2587,2627,666012,17385789900,742734
442,2021/11/1,dce.c0000,2627,2639,2605,2616,533345,13979214440,736262
443,2021/11/2,dce.c0000,2608,2657,2608,2637,607332,15995010250,754636
444,2021/11/3,dce.c0000,2639,2675,2635,2657,611686,16236118200,743689
445,2021/11/4,dce.c0000,2655,2689,2648,2676,481578,12856050510,774788
446,2021/11/5,dce.c0000,2676,2700,2652,2674,550266,14728834520,772497
447,2021/11/8,dce.c0000,2671,2730,2661,2690,683526,18388483730,767249
448,2021/11/9,dce.c0000,2690,2724,2684,2720,640872,17355086270,784484
449,2021/11/10,dce.c0000,2721,2734,2715,2727,473121,12889808980,790172
450,2021/11/11,dce.c0000,2727,2736,2677,2685,590494,15956550890,758022
451,2021/11/12,dce.c0000,2676,2690,2651,2663,493793,13189623480,732796
452,2021/11/15,dce.c0000,2663,2674,2637,2658,510578,13549406170,738922
453,2021/11/16,dce.c0000,2658,2685,2652,2680,350739,9367077560,752194
454,2021/11/17,dce.c0000,2680,2695,2664,2678,458022,12271711520,756279
455,2021/11/18,dce.c0000,2687,2688,2664,2679,358915,9608446150,733041
456,2021/11/19,dce.c0000,2679,2712,2679,2705,539448,14534965040,731842
457,2021/11/22,dce.c0000,2705,2712,2666,2670,534221,14328255860,702301
458,2021/11/23,dce.c0000,2668,2674,2641,2642,518912,13798116360,661967
459,2021/11/24,dce.c0000,2633,2648,2617,2637,472476,12451789070,646807
460,2021/11/25,dce.c0000,2637,2656,2628,2644,387857,10235379730,633402
461,2021/11/26,dce.c0000,2650,2672,2644,2648,406507,10808521550,608970
462,2021/11/29,dce.c0000,2649,2676,2636,2658,407289,10824655410,604421
463,2021/11/30,dce.c0000,2658,2680,2639,2645,444083,11814042360,572539
464,2021/12/1,dce.c0000,2645,2667,2632,2666,480377,12708948620,535707
465,2021/12/2,dce.c0000,2666,2685,2661,2676,423939,11319486460,504155
466,2021/12/3,dce.c0000,2676,2681,2655,2661,313697,8380460620,448295
467,2021/12/6,dce.c0000,2655,2664,2640,2643,293121,7769653400,398827
468,2021/12/7,dce.c0000,2683,2700,2680,2694,377508,10151425390,782842
469,2021/12/8,dce.c0000,2700,2720,2694,2713,480456,13019488920,823707
470,2021/12/9,dce.c0000,2710,2718,2685,2694,422560,11414583190,831969
471,2021/12/10,dce.c0000,2691,2709,2685,2705,322763,8693178070,833661
472,2021/12/13,dce.c0000,2709,2742,2701,2732,760333,20734461600,965124
473,2021/12/14,dce.c0000,2732,2738,2714,2734,380611,10389347890,980529
474,2021/12/15,dce.c0000,2738,2756,2731,2748,508344,13944113740,1012515
475,2021/12/16,dce.c0000,2749,2750,2718,2730,517411,14143099630,999357
476,2021/12/17,dce.c0000,2726,2739,2726,2735,281216,7685991780,994712
477,2021/12/20,dce.c0000,2731,2743,2708,2714,531898,14488934540,993250
478,2021/12/21,dce.c0000,2710,2724,2705,2709,357076,9691230120,990274
479,2021/12/22,dce.c0000,2703,2706,2686,2688,527979,14227433850,1010632
480,2021/12/23,dce.c0000,2685,2709,2682,2706,445983,12037551720,975754
481,2021/12/24,dce.c0000,2702,2706,2691,2696,323731,8732645120,976222
482,2021/12/27,dce.c0000,2690,2713,2682,2695,435777,11745472490,980826
483,2021/12/28,dce.c0000,2697,2699,2680,2681,374991,10075945060,999736
484,2021/12/29,dce.c0000,2683,2684,2663,2664,546634,14609552580,1029554
485,2021/12/30,dce.c0000,2662,2692,2660,2688,474410,12718990860,1034066
486,2021/12/31,dce.c0000,2683,2687,2665,2672,374613,10013693740,1015352
487,2022/1/4,dce.c0000,2675,2703,2675,2702,423438,11413346020,983130
488,2022/1/5,dce.c0000,2700,2716,2692,2711,409232,11066434020,983845
489,2022/1/6,dce.c0000,2710,2710,2674,2676,538777,14486079950,995359
490,2022/1/7,dce.c0000,2677,2686,2670,2682,362308,9698652180,1033416
491,2022/1/10,dce.c0000,2682,2702,2679,2687,428181,11522598570,1005997
492,2022/1/11,dce.c0000,2690,2700,2676,2696,407007,10944254250,980541
493,2022/1/12,dce.c0000,2700,2724,2692,2720,577345,15648716990,1048963
494,2022/1/13,dce.c0000,2721,2727,2711,2719,391088,10639577980,1061483
495,2022/1/14,dce.c0000,2723,2738,2719,2735,465643,12706882590,1087499
496,2022/1/17,dce.c0000,2735,2736,2710,2721,429716,11702468650,1084994
497,2022/1/18,dce.c0000,2721,2730,2714,2719,324407,8829901440,1098812
498,2022/1/19,dce.c0000,2719,2745,2711,2733,531564,14517160550,1150594
499,2022/1/20,dce.c0000,2739,2759,2732,2756,479763,13178176920,1204531
500,2022/1/21,dce.c0000,2756,2765,2733,2736,562200,15445459660,1179588
501,2022/1/24,dce.c0000,2735,2745,2731,2732,338287,9254487230,1160215
502,2022/1/25,dce.c0000,2738,2765,2725,2758,486024,13346118620,1194288
503,2022/1/26,dce.c0000,2754,2779,2754,2775,464961,12866061110,1226400
504,2022/1/27,dce.c0000,2775,2783,2763,2768,377241,10454317650,1216769
505,2022/1/28,dce.c0000,2768,2780,2759,2763,423918,11737011710,1161813
506,2022/2/7,dce.c0000,2785,2785,2746,2749,491798,13587981860,1173686
507,2022/2/8,dce.c0000,2749,2795,2749,2791,559255,15548873390,1232421
508,2022/2/9,dce.c0000,2787,2790,2767,2775,377912,10497386640,1214925
509,2022/2/10,dce.c0000,2778,2792,2771,2788,406566,11316670050,1240172
510,2022/2/11,dce.c0000,2790,2797,2764,2766,489785,13596826590,1209290
511,2022/2/14,dce.c0000,2770,2788,2769,2774,395751,10992349380,1206595
512,2022/2/15,dce.c0000,2769,2784,2764,2770,365971,10153989390,1211518
513,2022/2/16,dce.c0000,2765,2774,2754,2765,471245,13021105850,1197986
514,2022/2/17,dce.c0000,2764,2782,2759,2777,362561,10040038470,1189394
515,2022/2/18,dce.c0000,2780,2782,2769,2773,272847,7574212120,1171723
516,2022/2/21,dce.c0000,2773,2784,2760,2763,389782,10796917460,1172826
517,2022/2/22,dce.c0000,2760,2793,2733,2785,650873,18032765100,1178048
518,2022/2/23,dce.c0000,2780,2810,2767,2805,626990,17491139360,1228570
519,2022/2/24,dce.c0000,2806,2863,2801,2837,963748,27256437150,1283291
520,2022/2/25,dce.c0000,2845,2859,2812,2848,720770,20471162640,1279384
521,2022/2/28,dce.c0000,2820,2867,2813,2856,717071,20392258790,1286532
522,2022/3/1,dce.c0000,2863,2878,2850,2874,602530,17259975200,1299534
523,2022/3/2,dce.c0000,2875,2918,2855,2885,818205,23618924560,1305127
524,2022/3/3,dce.c0000,2885,2902,2868,2893,472506,13633967670,1293036
525,2022/3/4,dce.c0000,2893,2917,2882,2886,560032,16236972660,1287502
526,2022/3/7,dce.c0000,2905,2932,2893,2923,613668,17889038000,1292999
527,2022/3/8,dce.c0000,2923,2923,2864,2893,574464,16605608800,1216074
528,2022/3/9,dce.c0000,2883,2890,2855,2888,462901,13291968590,1181058
529,2022/3/10,dce.c0000,2875,2883,2841,2842,480798,13740826540,1080944
530,2022/3/11,dce.c0000,2848,2865,2840,2860,350272,9997613950,1057561
531,2022/3/14,dce.c0000,2852,2868,2830,2855,431605,12293869100,1011380
532,2022/3/15,dce.c0000,2859,2876,2843,2843,426695,12200761110,968621
533,2022/3/16,dce.c0000,2844,2871,2837,2863,308608,8813822120,960340
534,2022/3/17,dce.c0000,2864,2869,2844,2854,295485,8433673830,945305
535,2022/3/18,dce.c0000,2860,2892,2855,2889,390019,11218261600,979692
536,2022/3/21,dce.c0000,2887,2894,2869,2885,347285,10001766150,952266
537,2022/3/22,dce.c0000,2885,2905,2884,2896,325551,9423740130,969140
538,2022/3/23,dce.c0000,2890,2909,2885,2906,287171,8319847490,969742
539,2022/3/24,dce.c0000,2916,2923,2892,2902,386509,11236369370,949103
540,2022/3/25,dce.c0000,2899,2911,2881,2887,352879,10217193390,924331
541,2022/3/28,dce.c0000,2887,2914,2858,2863,471431,13598409720,854635
542,2022/3/29,dce.c0000,2857,2870,2849,2855,302996,8666099080,815852
543,2022/3/30,dce.c0000,2840,2854,2820,2842,405624,11517724950,746326
544,2022/3/31,dce.c0000,2842,2855,2835,2840,190017,5403410420,727962
545,2022/4/1,dce.c0000,2850,2861,2833,2834,274540,7819190890,661108
546,2022/4/6,dce.c0000,2849,2874,2846,2869,217936,6239021550,649190
547,2022/4/7,dce.c0000,2955,2962,2945,2951,349160,10309237750,799217
548,2022/4/8,dce.c0000,2940,2950,2917,2924,431208,12626102480,850700
549,2022/4/11,dce.c0000,2924,2934,2912,2914,357916,10464038570,888751
550,2022/4/12,dce.c0000,2907,2921,2904,2919,277911,8096424770,919086
551,2022/4/13,dce.c0000,2917,2933,2906,2917,343000,10015188360,937627
552,2022/4/14,dce.c0000,2920,2954,2914,2949,490908,14420924120,1023134
553,2022/4/15,dce.c0000,2949,2971,2942,2970,348760,10319944950,1069061
554,2022/4/18,dce.c0000,2970,2972,2955,2967,289795,8588098260,1098557
555,2022/4/19,dce.c0000,2969,2998,2959,2991,456375,13620856770,1152917
556,2022/4/20,dce.c0000,2991,3014,2983,3008,487517,14618884950,1200955
557,2022/4/21,dce.c0000,3025,3025,3004,3014,327271,9861402310,1221194
558,2022/4/22,dce.c0000,3005,3019,2981,2985,520642,15622469780,1220843
559,2022/4/25,dce.c0000,3000,3000,2966,2967,532304,15870452530,1207738
560,2022/4/26,dce.c0000,2968,3009,2968,2994,458734,13724858750,1228570
561,2022/4/27,dce.c0000,2994,3005,2975,2986,415333,12410257600,1230737
562,2022/4/28,dce.c0000,2986,3031,2985,3030,571760,17208442910,1293569
563,2022/4/29,dce.c0000,3031,3046,3013,3044,511906,15496239920,1334863
564,2022/5/5,dce.c0000,3035,3035,3016,3022,298332,9022535760,1314546
565,2022/5/6,dce.c0000,3027,3029,2985,2991,507396,15239575310,1283535
566,2022/5/9,dce.c0000,2987,3003,2980,2988,381887,11419673540,1270337
567,2022/5/10,dce.c0000,2988,3000,2947,2964,617769,18356603810,1184257
568,2022/5/11,dce.c0000,2972,2982,2962,2967,298605,8874121460,1200871
569,2022/5/12,dce.c0000,2962,2987,2962,2972,319893,9516594140,1217317
570,2022/5/13,dce.c0000,2972,3005,2967,2993,409622,12248059140,1236371
571,2022/5/16,dce.c0000,2993,3002,2978,3000,389512,11654204210,1253691
572,2022/5/17,dce.c0000,2998,3022,2991,3010,470401,14153906570,1291698
573,2022/5/18,dce.c0000,3012,3020,3001,3007,297511,8960055100,1274932
574,2022/5/19,dce.c0000,3008,3018,2992,2998,357207,10729070610,1254647
575,2022/5/20,dce.c0000,2995,3012,2986,3010,347574,10422022820,1258205
576,2022/5/23,dce.c0000,3005,3008,2982,2984,407377,12195076040,1247421
577,2022/5/24,dce.c0000,2984,2989,2953,2955,464164,13784535330,1239299
578,2022/5/25,dce.c0000,2954,2966,2923,2943,634173,18660735270,1231195
579,2022/5/26,dce.c0000,2935,2943,2919,2936,398506,11683359540,1221095
580,2022/5/27,dce.c0000,2932,2954,2920,2944,386619,11359474660,1230802
581,2022/5/30,dce.c0000,2944,2950,2921,2922,362274,10628812440,1264026
582,2022/5/31,dce.c0000,2922,2946,2919,2935,288283,8461872260,1270711
583,2022/6/1,dce.c0000,2931,2934,2870,2875,743164,21533777600,1307663
584,2022/6/2,dce.c0000,2888,2893,2864,2875,466604,13426759580,1313659
585,2022/6/6,dce.c0000,2885,2902,2884,2891,269247,7789999430,1296503
586,2022/6/7,dce.c0000,2883,2897,2878,2881,226793,6545630360,1308202
587,2022/6/8,dce.c0000,2891,2909,2884,2896,395829,11464698220,1332275
588,2022/6/9,dce.c0000,2897,2903,2851,2851,416192,11976279920,1369092
589,2022/6/10,dce.c0000,2852,2872,2845,2867,355279,10162173580,1372476
590,2022/6/13,dce.c0000,2868,2892,2862,2886,365150,10507442000,1343337
591,2022/6/14,dce.c0000,2891,2913,2878,2888,355004,10272343930,1318469
592,2022/6/15,dce.c0000,2891,2891,2872,2880,294310,8481353280,1349742
593,2022/6/16,dce.c0000,2883,2895,2879,2887,286137,8264740920,1344316
594,2022/6/17,dce.c0000,2893,2909,2885,2905,359106,10405847800,1315862
595,2022/6/20,dce.c0000,2909,2920,2896,2902,385000,11191754940,1290224
596,2022/6/21,dce.c0000,2902,2912,2882,2900,347350,10058688890,1272830
597,2022/6/22,dce.c0000,2892,2898,2851,2857,556486,15985474020,1218932
598,2022/6/23,dce.c0000,2858,2864,2807,2829,627915,17800305250,1168201
599,2022/6/24,dce.c0000,2832,2834,2772,2786,527861,14757891080,1172811
600,2022/6/27,dce.c0000,2802,2811,2786,2797,366110,10248763590,1149689
601,2022/6/28,dce.c0000,2797,2820,2793,2815,301726,8464614630,1123144
602,2022/6/29,dce.c0000,2813,2818,2805,2811,207451,5833011930,1122072
603,2022/6/30,dce.c0000,2811,2818,2770,2780,374655,10461796980,1142264
604,2022/7/1,dce.c0000,2770,2774,2700,2704,624043,17092853490,1160893
605,2022/7/4,dce.c0000,2712,2728,2681,2719,488766,13235167720,1137144
606,2022/7/5,dce.c0000,2719,2721,2684,2691,325721,8805961400,1146475
607,2022/7/6,dce.c0000,2691,2691,2655,2688,540778,14449691390,1100805
608,2022/7/7,dce.c0000,2691,2733,2683,2718,439622,11893955350,1086443
609,2022/7/8,dce.c0000,2727,2733,2713,2726,252356,6870346720,1087099
610,2022/7/11,dce.c0000,2726,2761,2719,2743,347445,9532963520,1044261
611,2022/7/12,dce.c0000,2748,2748,2710,2711,330725,9017510550,1032424
612,2022/7/13,dce.c0000,2705,2710,2671,2705,392519,10566408640,1019290
613,2022/7/14,dce.c0000,2698,2718,2686,2707,257427,6961227000,1003454
614,2022/7/15,dce.c0000,2707,2710,2671,2682,342030,9222868940,993167
615,2022/7/18,dce.c0000,2682,2688,2661,2681,341496,9140615950,977105
616,2022/7/19,dce.c0000,2688,2700,2609,2612,451553,12008796010,996717
617,2022/7/20,dce.c0000,2610,2633,2597,2620,396249,10357674160,938069
618,2022/7/21,dce.c0000,2620,2626,2602,2618,236878,6189689630,931863
619,2022/7/22,dce.c0000,2606,2607,2554,2564,392803,10124080940,910932
620,2022/7/25,dce.c0000,2565,2601,2548,2599,443761,11449369990,869834
621,2022/7/26,dce.c0000,2601,2636,2600,2625,340027,8911919450,836761
622,2022/7/27,dce.c0000,2630,2647,2621,2647,259080,6828579050,809859
623,2022/7/28,dce.c0000,2650,2680,2648,2672,326656,8701460430,760523
624,2022/7/29,dce.c0000,2675,2685,2652,2670,228197,6084471190,736606
625,2022/8/1,dce.c0000,2681,2696,2655,2667,278572,7440586730,689813
626,2022/8/2,dce.c0000,2660,2687,2643,2684,305623,8157962920,632293
627,2022/8/3,dce.c0000,2680,2704,2669,2685,237674,6376010380,609832
628,2022/8/4,dce.c0000,2689,2690,2648,2658,202411,5407226990,603152
629,2022/8/5,dce.c0000,2662,2690,2661,2688,302865,8108821920,587966
630,2022/8/8,dce.c0000,2686,2694,2655,2685,292999,7832844970,520362
631,2022/8/9,dce.c0000,2685,2715,2675,2705,246499,6648427220,467568
632,2022/8/10,dce.c0000,2710,2734,2710,2722,254204,6919203430,404409
633,2022/8/11,dce.c0000,2727,2729,2691,2707,159480,4318058710,352497
634,2022/8/12,dce.c0000,2733,2770,2728,2757,294372,8097134320,710393
635,2022/8/15,dce.c0000,2752,2760,2710,2718,348175,9536783270,744475
636,2022/8/16,dce.c0000,2715,2766,2699,2755,338205,9262728950,759215
637,2022/8/17,dce.c0000,2744,2750,2712,2725,275637,7524807100,764191
638,2022/8/18,dce.c0000,2730,2730,2680,2687,369023,9973333950,783265
639,2022/8/19,dce.c0000,2690,2700,2668,2686,297376,7990584220,799173
640,2022/8/22,dce.c0000,2686,2704,2677,2688,230257,6191186960,806935
641,2022/8/23,dce.c0000,2689,2743,2678,2737,469945,12777908340,797967
642,2022/8/24,dce.c0000,2738,2763,2728,2755,395926,10870964310,806621
643,2022/8/25,dce.c0000,2755,2759,2718,2726,351985,9641079390,801740
644,2022/8/26,dce.c0000,2726,2768,2725,2759,333633,9161926000,809085
645,2022/8/29,dce.c0000,2758,2808,2743,2806,504093,14037769750,873576
646,2022/8/30,dce.c0000,2804,2805,2788,2792,261373,7309969210,875933
647,2022/8/31,dce.c0000,2788,2807,2772,2797,351017,9790363540,866209
648,2022/9/1,dce.c0000,2785,2802,2777,2799,234364,6543361000,875458
649,2022/9/2,dce.c0000,2799,2802,2778,2790,319540,8920366530,860397
650,2022/9/5,dce.c0000,2800,2822,2792,2801,358607,10050037780,868594
651,2022/9/6,dce.c0000,2801,2831,2800,2827,363335,10242896900,887301
652,2022/9/7,dce.c0000,2827,2827,2790,2797,342216,9607801180,865976
653,2022/9/8,dce.c0000,2810,2824,2785,2805,386169,10827954220,843720
654,2022/9/9,dce.c0000,2800,2822,2787,2817,363190,10186650340,827589
655,2022/9/13,dce.c0000,2837,2859,2828,2839,253502,7196909560,835356
656,2022/9/14,dce.c0000,2839,2842,2829,2839,189918,5385273580,828137
657,2022/9/15,dce.c0000,2835,2841,2825,2831,217021,6147615530,826526
658,2022/9/16,dce.c0000,2835,2849,2829,2835,260290,7385870550,806996
659,2022/9/19,dce.c0000,2833,2857,2830,2848,267020,7594915600,814313
660,2022/9/20,dce.c0000,2841,2848,2816,2834,322807,9144473710,789741
661,2022/9/21,dce.c0000,2838,2865,2835,2849,323834,9220268700,795194
662,2022/9/22,dce.c0000,2840,2856,2838,2846,234657,6681202190,793888
663,2022/9/23,dce.c0000,2851,2853,2823,2828,275642,7814661800,781655
664,2022/9/26,dce.c0000,2823,2825,2780,2782,452782,12688321850,771546
665,2022/9/27,dce.c0000,2788,2794,2765,2777,368356,10237601960,781952
666,2022/9/28,dce.c0000,2777,2787,2742,2755,356826,9859468440,800061
667,2022/9/29,dce.c0000,2760,2778,2754,2766,267654,7403812350,799278
668,2022/9/30,dce.c0000,2770,2780,2760,2773,254971,7065961890,785092
669,2022/10/10,dce.c0000,2777,2805,2764,2804,316933,8818404800,743473
670,2022/10/11,dce.c0000,2807,2835,2804,2827,425830,12018421120,713594
671,2022/10/12,dce.c0000,2823,2840,2816,2840,276583,7824938490,687961
672,2022/10/13,dce.c0000,2840,2848,2827,2842,275841,7832397240,681883
673,2022/10/14,dce.c0000,2838,2871,2826,2870,349146,9958034210,682142
674,2022/10/17,dce.c0000,2865,2873,2843,2855,272243,7776753590,662591
675,2022/10/18,dce.c0000,2860,2870,2830,2855,316158,9004320650,645451
676,2022/10/19,dce.c0000,2855,2864,2843,2853,215614,6150233060,656061
677,2022/10/20,dce.c0000,2848,2860,2838,2855,244786,6974916630,664587
678,2022/10/21,dce.c0000,2856,2884,2852,2878,352553,10119785340,706731
679,2022/10/24,dce.c0000,2871,2895,2869,2880,337167,9720368550,704862
680,2022/10/25,dce.c0000,2880,2882,2846,2856,341269,9768501170,683531
681,2022/10/26,dce.c0000,2855,2879,2853,2871,293523,8418043460,692363
682,2022/10/27,dce.c0000,2871,2884,2860,2873,278660,7999501840,709406
683,2022/10/28,dce.c0000,2881,2881,2850,2857,325066,9310793910,697036
684,2022/10/31,dce.c0000,2859,2892,2840,2885,440942,12668412400,704187
685,2022/11/1,dce.c0000,2885,2894,2862,2882,400463,11522023510,698152
686,2022/11/2,dce.c0000,2885,2900,2855,2857,373924,10764960880,694952
687,2022/11/3,dce.c0000,2845,2855,2831,2840,448525,12749224740,675920
688,2022/11/4,dce.c0000,2838,2876,2834,2867,352824,10080144140,654048
689,2022/11/7,dce.c0000,2870,2888,2862,2887,339081,9754910470,665815
690,2022/11/8,dce.c0000,2889,2896,2884,2892,241849,6991375150,663428
691,2022/11/9,dce.c0000,2892,2896,2868,2871,309693,8916180330,644646
692,2022/11/10,dce.c0000,2871,2884,2860,2875,333395,9576161240,638319
693,2022/11/11,dce.c0000,2870,2889,2862,2881,334949,9647839850,609956
694,2022/11/14,dce.c0000,2885,2891,2848,2851,516571,14827125080,604686
695,2022/11/15,dce.c0000,2853,2864,2833,2840,336795,9598268120,594528
696,2022/11/16,dce.c0000,2836,2855,2822,2828,344942,9785677920,618058
697,2022/11/17,dce.c0000,2828,2834,2810,2814,307354,8673186570,623671
698,2022/11/18,dce.c0000,2805,2827,2800,2816,278664,7839875260,637365
699,2022/11/21,dce.c0000,2819,2859,2816,2853,379489,10781602950,591056
700,2022/11/22,dce.c0000,2854,2865,2845,2856,251136,7166581790,567411
701,2022/11/23,dce.c0000,2861,2882,2854,2879,319495,9170886420,518634
702,2022/11/24,dce.c0000,2877,2890,2871,2889,222265,6400708620,499321
703,2022/11/25,dce.c0000,2891,2934,2891,2934,426063,12426865480,489150
704,2022/11/28,dce.c0000,2934,2942,2920,2936,308283,9038302140,477851
705,2022/11/29,dce.c0000,2936,2944,2902,2912,287176,8394409620,438722
706,2022/11/30,dce.c0000,2903,2912,2884,2908,314480,9112895130,392486
707,2022/12/1,dce.c0000,2911,2918,2879,2887,243726,7068801140,361338
708,2022/12/2,dce.c0000,2881,2895,2875,2886,183689,5301741490,335619
709,2022/12/5,dce.c0000,2862,2876,2831,2834,353748,10092515350,617279
710,2022/12/6,dce.c0000,2834,2843,2825,2828,222714,6309587700,640427
711,2022/12/7,dce.c0000,2828,2828,2798,2808,294250,8265505490,687177
712,2022/12/8,dce.c0000,2808,2836,2803,2829,277129,7821028610,698729
713,2022/12/9,dce.c0000,2828,2828,2808,2817,266951,7523438120,717954
714,2022/12/12,dce.c0000,2818,2843,2806,2811,263493,7431822330,731937
715,2022/12/13,dce.c0000,2806,2831,2803,2816,223224,6292272340,736316
716,2022/12/14,dce.c0000,2815,2824,2786,2787,336608,9438384160,795934
717,2022/12/15,dce.c0000,2782,2805,2781,2791,279674,7803067080,800415
718,2022/12/16,dce.c0000,2791,2825,2791,2817,311815,8759486670,773732
719,2022/12/19,dce.c0000,2818,2818,2785,2787,321025,8991591250,778713
720,2022/12/20,dce.c0000,2793,2795,2759,2761,297202,8263388450,783485
721,2022/12/21,dce.c0000,2761,2761,2726,2745,439976,12064931520,782844
722,2022/12/22,dce.c0000,2750,2761,2736,2754,280574,7720283280,783730
723,2022/12/23,dce.c0000,2755,2760,2741,2752,227395,6254949230,780712
724,2022/12/26,dce.c0000,2751,2785,2744,2776,305574,8458968480,765504
725,2022/12/27,dce.c0000,2776,2792,2768,2788,252303,7014088520,752246
726,2022/12/28,dce.c0000,2795,2823,2791,2822,345918,9713029750,717720
727,2022/12/29,dce.c0000,2827,2834,2807,2816,348981,9832060590,720213
728,2022/12/30,dce.c0000,2817,2837,2808,2824,351892,9929579010,709736
729,2023/1/3,dce.c0000,2829,2842,2817,2840,301325,8529557940,705314
730,2023/1/4,dce.c0000,2840,2877,2838,2875,489218,14006636090,711148
731,2023/1/5,dce.c0000,2875,2882,2859,2878,341944,9821824540,714472
732,2023/1/6,dce.c0000,2873,2892,2867,2886,368002,10597708120,731213
733,2023/1/9,dce.c0000,2882,2895,2879,2890,306730,8857113920,744645
734,2023/1/10,dce.c0000,2890,2892,2858,2874,381903,10967833710,738921
735,2023/1/11,dce.c0000,2874,2876,2854,2873,296631,8504822060,751365
736,2023/1/12,dce.c0000,2879,2886,2865,2880,320773,9223467700,760606
737,2023/1/13,dce.c0000,2884,2910,2864,2877,458077,13212841080,741379
738,2023/1/16,dce.c0000,2879,2888,2874,2880,310643,8949210620,744152
739,2023/1/17,dce.c0000,2884,2894,2870,2884,299558,8637435380,735363
740,2023/1/18,dce.c0000,2879,2900,2875,2898,313217,9049576130,739766
741,2023/1/19,dce.c0000,2895,2900,2861,2874,300433,8662841960,698935
742,2023/1/20,dce.c0000,2874,2876,2848,2859,289391,8281208990,638249
743,2023/1/30,dce.c0000,2864,2902,2863,2892,276011,7977592310,662104
744,2023/1/31,dce.c0000,2888,2891,2837,2842,467314,13363886850,558787
745,2023/2/1,dce.c0000,2842,2847,2812,2830,429027,12141107540,465189
746,2023/2/2,dce.c0000,2830,2848,2820,2834,314586,8914145290,405222
747,2023/2/3,dce.c0000,2829,2847,2823,2837,331392,9392432060,340649
748,2023/2/6,dce.c0000,2833,2837,2786,2788,417486,11728172910,284875
749,2023/2/7,dce.c0000,2793,2799,2782,2794,311776,8702166650,239897
750,2023/2/8,dce.c0000,2794,2794,2780,2786,333381,9294548770,200388
751,2023/2/9,dce.c0000,2791,2791,2764,2771,283713,7864854510,180795
752,2023/2/10,dce.c0000,2765,2780,2758,2769,273001,7558952410,151518
753,2023/2/13,dce.c0000,2763,2801,2763,2793,262651,7329018970,128737
754,2023/2/14,dce.c0000,2838,2855,2822,2853,281579,7992804070,591413
755,2023/2/15,dce.c0000,2858,2858,2843,2846,188060,5360508720,607913
756,2023/2/16,dce.c0000,2846,2859,2842,2856,194021,5532262990,609557
757,2023/2/17,dce.c0000,2853,2869,2844,2868,248270,7095790170,629317
758,2023/2/20,dce.c0000,2868,2879,2861,2877,225785,6483209710,644475
759,2023/2/21,dce.c0000,2875,2882,2867,2875,208582,5994098660,656127
760,2023/2/22,dce.c0000,2878,2879,2866,2877,172548,4958052760,669022
761,2023/2/23,dce.c0000,2876,2881,2862,2863,223439,6415279560,677177
762,2023/2/24,dce.c0000,2862,2874,2860,2867,188846,5415554790,679053
763,2023/2/27,dce.c0000,2864,2868,2835,2844,338325,9635833620,672667
764,2023/2/28,dce.c0000,2848,2850,2835,2837,159891,4543527740,670720
765,2023/3/1,dce.c0000,2837,2859,2830,2854,275487,7847556690,645124
766,2023/3/2,dce.c0000,2852,2852,2840,2848,176730,5029954390,637880
767,2023/3/3,dce.c0000,2846,2851,2837,2838,184868,5254382240,648160
768,2023/3/6,dce.c0000,2838,2860,2823,2824,365055,10366969860,681898
769,2023/3/7,dce.c0000,2824,2856,2824,2847,252973,7187066520,655879
770,2023/3/8,dce.c0000,2847,2859,2843,2855,177146,5050364980,651101
771,2023/3/9,dce.c0000,2850,2853,2835,2840,188189,5349055430,650497
772,2023/3/10,dce.c0000,2845,2855,2840,2850,218459,6224939880,638224
773,2023/3/13,dce.c0000,2846,2850,2824,2835,291285,8259049720,650706
774,2023/3/14,dce.c0000,2830,2841,2816,2833,291152,8236353930,660775
775,2023/3/15,dce.c0000,2829,2840,2828,2832,159946,4533368530,657328
776,2023/3/16,dce.c0000,2826,2836,2821,2824,191663,5419047800,653340
777,2023/3/17,dce.c0000,2827,2845,2820,2836,220060,6233961380,641118
778,2023/3/20,dce.c0000,2837,2854,2833,2843,293716,8359826960,647189
779,2023/3/21,dce.c0000,2843,2844,2776,2779,543092,15246800490,623337
780,2023/3/22,dce.c0000,2785,2794,2754,2768,476306,13198112040,616238
781,2023/3/23,dce.c0000,2771,2782,2758,2776,328396,9101280340,574315
782,2023/3/24,dce.c0000,2764,2772,2725,2745,590852,16212968040,792288
783,2023/3/27,dce.c0000,2749,2754,2693,2700,642109,17482253860,827340
784,2023/3/28,dce.c0000,2704,2739,2698,2738,497339,13536374180,796380
785,2023/3/29,dce.c0000,2741,2750,2733,2739,372898,10227656540,775645
786,2023/3/30,dce.c0000,2745,2749,2731,2742,443112,12142272880,758830
787,2023/3/31,dce.c0000,2742,2745,2713,2724,546429,14888785990,777927
788,2023/4/3,dce.c0000,2718,2742,2718,2721,527063,14378260420,769182
789,2023/4/4,dce.c0000,2719,2735,2705,2722,528643,14386707950,769219
790,2023/4/6,dce.c0000,2717,2722,2703,2711,277165,7515943950,778558
791,2023/4/7,dce.c0000,2711,2734,2689,2728,562828,15270742890,794648
792,2023/4/10,dce.c0000,2730,2766,2727,2763,571329,15703197720,772368
793,2023/4/11,dce.c0000,2762,2776,2752,2768,463486,12820312350,784785
794,2023/4/12,dce.c0000,2768,2771,2750,2757,341402,9415357510,786631
795,2023/4/13,dce.c0000,2761,2766,2740,2742,391467,10781976140,801769
796,2023/4/14,dce.c0000,2746,2759,2737,2756,354670,9755807390,793596
797,2023/4/17,dce.c0000,2750,2757,2728,2732,420973,11535532780,822469
798,2023/4/18,dce.c0000,2736,2754,2733,2742,363244,9960586730,828149
799,2023/4/19,dce.c0000,2739,2749,2730,2734,316604,8677071040,842678
800,2023/4/20,dce.c0000,2729,2736,2690,2710,703476,19090769320,859076
801,2023/4/21,dce.c0000,2707,2710,2667,2672,537619,14469817190,896541
802,2023/4/24,dce.c0000,2680,2685,2659,2672,585784,15659522920,910957
803,2023/4/25,dce.c0000,2665,2676,2655,2671,440547,11741657160,915100
804,2023/4/26,dce.c0000,2671,2690,2671,2685,508898,13641546250,913580
805,2023/4/27,dce.c0000,2680,2687,2657,2661,420378,11239571160,913498
806,2023/4/28,dce.c0000,2660,2663,2632,2644,555535,14687395620,885098
807,2023/5/4,dce.c0000,2641,2656,2589,2601,470028,12299394610,880418
808,2023/5/5,dce.c0000,2603,2614,2593,2602,349067,9082743120,881366
809,2023/5/8,dce.c0000,2600,2635,2600,2629,433817,11340653690,845825
810,2023/5/9,dce.c0000,2625,2633,2601,2602,297072,7771585600,842541
811,2023/5/10,dce.c0000,2600,2601,2546,2566,557870,14326471000,846801
812,2023/5/11,dce.c0000,2568,2572,2524,2526,399069,10137123890,855015
813,2023/5/12,dce.c0000,2521,2556,2495,2539,705108,17792530160,842510
814,2023/5/15,dce.c0000,2544,2544,2502,2533,501793,12661977380,814408
815,2023/5/16,dce.c0000,2533,2563,2533,2544,335380,8538514150,803837
816,2023/5/17,dce.c0000,2541,2549,2511,2547,378161,9579847300,797555
817,2023/5/18,dce.c0000,2543,2557,2522,2544,400101,10163657950,799786
818,2023/5/19,dce.c0000,2536,2551,2534,2547,303536,7716566740,792438
819,2023/5/22,dce.c0000,2553,2583,2550,2554,500763,12838897760,788177
820,2023/5/23,dce.c0000,2555,2585,2553,2580,319567,8219834130,779131
821,2023/5/24,dce.c0000,2588,2592,2550,2557,387383,9950621720,763233
822,2023/5/25,dce.c0000,2565,2578,2550,2578,349957,8976877350,750566
823,2023/5/26,dce.c0000,2578,2621,2572,2615,532811,13856662550,742979
824,2023/5/29,dce.c0000,2616,2640,2611,2623,395211,10379755500,732249
825,2023/5/30,dce.c0000,2623,2633,2605,2631,421994,11053683510,705060
826,2023/5/31,dce.c0000,2638,2644,2619,2633,336871,8864574710,686372
827,2023/6/1,dce.c0000,2625,2652,2624,2651,320099,8447854690,677659
828,2023/6/2,dce.c0000,2653,2664,2638,2651,315798,8371450460,634975
829,2023/6/5,dce.c0000,2651,2675,2651,2656,296109,7883894370,627982
830,2023/6/6,dce.c0000,2656,2658,2635,2642,362748,9597885570,578849
831,2023/6/7,dce.c0000,2645,2650,2631,2642,259189,6839129470,557805
832,2023/6/8,dce.c0000,2642,2657,2641,2650,237646,6294241190,543134
833,2023/6/9,dce.c0000,2652,2667,2646,2657,224999,5976173420,501711
834,2023/6/12,dce.c0000,2621,2629,2576,2583,546329,14234312720,711349
835,2023/6/13,dce.c0000,2590,2610,2572,2607,415840,10768149910,736598
836,2023/6/14,dce.c0000,2611,2617,2601,2607,340506,8888233630,763561
837,2023/6/15,dce.c0000,2605,2649,2605,2648,434408,11412691580,807475
838,2023/6/16,dce.c0000,2643,2672,2638,2670,412464,10963720100,815981
839,2023/6/19,dce.c0000,2675,2694,2665,2676,488835,13096677710,823100
840,2023/6/20,dce.c0000,2676,2699,2667,2677,431965,11592410060,823521
841,2023/6/21,dce.c0000,2676,2696,2670,2688,400986,10759936760,842135
842,2023/6/26,dce.c0000,2676,2703,2669,2691,374474,10052656240,866108
843,2023/6/27,dce.c0000,2697,2726,2693,2715,456533,12393465150,867219
844,2023/6/28,dce.c0000,2711,2714,2687,2702,516265,13937620190,867468
845,2023/6/29,dce.c0000,2698,2720,2693,2714,312098,8457612710,880177
846,2023/6/30,dce.c0000,2708,2740,2708,2728,421494,11489997730,888641
847,2023/7/3,dce.c0000,2735,2742,2701,2727,524382,14256239600,873031
848,2023/7/4,dce.c0000,2725,2750,2715,2748,474954,12973160260,899953
849,2023/7/5,dce.c0000,2755,2787,2747,2780,563153,15586386410,901922
850,2023/7/6,dce.c0000,2786,2794,2773,2789,452070,12590317220,889956
851,2023/7/7,dce.c0000,2789,2797,2779,2788,375572,10474050760,895687
852,2023/7/10,dce.c0000,2788,2792,2771,2779,369533,10274110710,881102
853,2023/7/11,dce.c0000,2780,2786,2753,2755,378233,10477206560,857590
854,2023/7/12,dce.c0000,2752,2757,2729,2746,488469,13398566480,839942
855,2023/7/13,dce.c0000,2740,2752,2730,2736,330859,9069850420,839774
856,2023/7/14,dce.c0000,2734,2751,2734,2738,285134,7819808760,836329
857,2023/7/17,dce.c0000,2745,2770,2734,2754,505806,13921522690,833537
858,2023/7/18,dce.c0000,2754,2756,2697,2705,682909,18534956940,776605
859,2023/7/19,dce.c0000,2715,2735,2711,2719,401975,10935243620,753630
860,2023/7/20,dce.c0000,2729,2731,2713,2719,336457,9154934630,719650
861,2023/7/21,dce.c0000,2722,2724,2684,2690,429306,11605434590,696802
862,2023/7/24,dce.c0000,2685,2699,2679,2683,336077,9029210820,677910
863,2023/7/25,dce.c0000,2688,2696,2681,2687,262606,7058535230,651439
864,2023/7/26,dce.c0000,2684,2722,2683,2705,451130,12212626760,632747
865,2023/7/27,dce.c0000,2705,2705,2687,2693,294998,7952175600,620389
866,2023/7/28,dce.c0000,2695,2718,2687,2710,368453,9971509160,591269
867,2023/7/31,dce.c0000,2707,2726,2697,2715,338257,9176842280,567568
868,2023/8/1,dce.c0000,2716,2729,2693,2703,409080,11089172280,545328
869,2023/8/2,dce.c0000,2701,2718,2695,2716,294776,7975210120,529091
870,2023/8/3,dce.c0000,2715,2761,2714,2751,643231,17629519240,538552
871,2023/8/4,dce.c0000,2746,2768,2741,2767,364651,10043391560,531967
872,2023/8/7,dce.c0000,2767,2777,2747,2767,469072,12966412810,469459
873,2023/8/8,dce.c0000,2767,2800,2762,2793,315605,8773242610,450036
874,2023/8/9,dce.c0000,2790,2819,2786,2808,370228,10387877600,397965
875,2023/8/10,dce.c0000,2802,2817,2789,2814,320208,8963591360,316189
876,2023/8/11,dce.c0000,2744,2777,2711,2713,854307,23465646310,645280
877,2023/8/14,dce.c0000,2714,2723,2692,2701,565268,15287702830,660151
878,2023/8/15,dce.c0000,2701,2708,2688,2705,359416,9704846820,668232
879,2023/8/16,dce.c0000,2701,2708,2635,2637,684084,18243852360,691024
880,2023/8/17,dce.c0000,2634,2646,2610,2626,673917,17692568370,700741
881,2023/8/18,dce.c0000,2625,2660,2623,2645,610762,16146888390,684833
882,2023/8/21,dce.c0000,2647,2669,2644,2653,613176,16285748330,672841
883,2023/8/22,dce.c0000,2657,2659,2638,2650,467041,12373434070,665550
884,2023/8/23,dce.c0000,2655,2681,2651,2668,576788,15374747230,669174
885,2023/8/24,dce.c0000,2670,2700,2667,2693,532695,14291153770,690503
886,2023/8/25,dce.c0000,2696,2719,2692,2717,598282,16194077970,698207
887,2023/8/28,dce.c0000,2717,2720,2679,2708,734738,19858681260,689546
888,2023/8/29,dce.c0000,2710,2738,2709,2728,576089,15707605840,721543
889,2023/8/30,dce.c0000,2727,2734,2714,2731,512266,13959232650,724842
890,2023/8/31,dce.c0000,2731,2746,2722,2733,458836,12534435480,697733
891,2023/9/1,dce.c0000,2739,2739,2706,2716,416458,11326345130,680512
892,2023/9/4,dce.c0000,2719,2723,2663,2673,575158,15448039450,652669
893,2023/9/5,dce.c0000,2675,2691,2672,2685,338154,9073508680,634454
894,2023/9/6,dce.c0000,2685,2700,2668,2691,330727,8891296840,619739
895,2023/9/7,dce.c0000,2693,2705,2672,2677,394650,10612230040,601685
896,2023/9/8,dce.c0000,2676,2677,2654,2657,411781,10970430460,576852
897,2023/9/11,dce.c0000,2661,2677,2656,2668,300296,8011267350,574174
898,2023/9/12,dce.c0000,2665,2666,2644,2652,344955,9163167280,554960
899,2023/9/13,dce.c0000,2661,2661,2632,2649,343593,9094237460,541941
900,2023/9/14,dce.c0000,2654,2672,2644,2664,381633,10156858010,532545
901,2023/9/15,dce.c0000,2660,2695,2660,2692,417902,11198842810,522544
902,2023/9/18,dce.c0000,2692,2693,2641,2646,493363,13129630800,496288
903,2023/9/19,dce.c0000,2640,2650,2635,2640,305652,8075189960,481227
904,2023/9/20,dce.c0000,2641,2666,2641,2654,335626,8909772410,446191
905,2023/9/21,dce.c0000,2654,2658,2644,2653,290779,7707346940,413947
906,2023/9/22,dce.c0000,2655,2664,2634,2652,331226,8771084580,398893
907,2023/9/25,dce.c0000,2652,2663,2619,2628,359692,9480166930,385605
908,2023/9/26,dce.c0000,2628,2629,2613,2615,238598,6255778050,372320
909,2023/9/27,dce.c0000,2616,2617,2588,2615,345890,9001516510,320314
910,2023/9/28,dce.c0000,2610,2632,2605,2628,253664,6635937980,273955
911,2023/10/9,dce.c0000,2600,2602,2581,2588,217632,5635508630,272875
912,2023/10/10,dce.c0000,2588,2598,2583,2592,165011,4274858350,259632
913,2023/10/11,dce.c0000,2550,2551,2523,2536,357702,9059288570,726805
914,2023/10/12,dce.c0000,2538,2546,2532,2537,282234,7167880920,748096
915,2023/10/13,dce.c0000,2532,2550,2528,2541,282951,7181254540,758631
916,2023/10/16,dce.c0000,2544,2548,2519,2527,424554,10746092960,764147
917,2023/10/17,dce.c0000,2525,2529,2498,2507,486274,12211570960,803099
918,2023/10/18,dce.c0000,2502,2506,2483,2486,422363,10539670580,817151
919,2023/10/19,dce.c0000,2490,2520,2482,2511,490528,12274597190,815098
920,2023/10/20,dce.c0000,2511,2516,2498,2506,316571,7941337500,825872
921,2023/10/23,dce.c0000,2506,2519,2502,2511,369353,9271905150,824612
922,2023/10/24,dce.c0000,2511,2523,2508,2519,328290,8261136780,803461
923,2023/10/25,dce.c0000,2518,2533,2513,2518,352820,8899691610,808453
924,2023/10/26,dce.c0000,2520,2520,2489,2500,515749,12885850470,829670
925,2023/10/27,dce.c0000,2500,2520,2492,2515,414606,10391637960,820807
926,2023/10/30,dce.c0000,2512,2543,2510,2538,487711,12331258550,804936
927,2023/10/31,dce.c0000,2536,2546,2524,2539,366125,9280902380,797818
928,2023/11/1,dce.c0000,2539,2552,2530,2542,346188,8797825820,776917
929,2023/11/2,dce.c0000,2546,2550,2538,2548,232596,5917432250,773326
930,2023/11/3,dce.c0000,2548,2555,2535,2553,329959,8405935490,760435
931,2023/11/6,dce.c0000,2553,2575,2550,2568,471589,12089368240,765320
932,2023/11/7,dce.c0000,2566,2570,2537,2544,404843,10342256020,771362
933,2023/11/8,dce.c0000,2541,2556,2540,2553,279073,7108091490,751918
934,2023/11/9,dce.c0000,2553,2563,2537,2547,326697,8328112510,745529
935,2023/11/10,dce.c0000,2544,2548,2516,2520,478513,12095179270,740361
936,2023/11/13,dce.c0000,2515,2535,2513,2525,321275,8108702560,727123
937,2023/11/14,dce.c0000,2526,2550,2518,2542,411563,10428309350,723547
938,2023/11/15,dce.c0000,2542,2549,2537,2544,287512,7311699300,715105
939,2023/11/16,dce.c0000,2544,2558,2540,2553,298023,7601711300,722164
940,2023/11/17,dce.c0000,2553,2557,2536,2543,313647,7986975010,718285
941,2023/11/20,dce.c0000,2546,2578,2543,2572,473227,12142975770,717054
942,2023/11/21,dce.c0000,2568,2580,2565,2570,305419,7856093340,723065
943,2023/11/22,dce.c0000,2570,2570,2535,2544,406871,10366983350,691857
944,2023/11/23,dce.c0000,2546,2552,2528,2536,253879,6446211060,679794
945,2023/11/24,dce.c0000,2539,2547,2529,2529,216678,5500981720,678818
946,2023/11/27,dce.c0000,2530,2540,2505,2510,383153,9647500360,680320
947,2023/11/28,dce.c0000,2510,2514,2490,2492,303587,7591782660,674036
948,2023/11/29,dce.c0000,2491,2500,2487,2492,223455,5571040080,662020
949,2023/11/30,dce.c0000,2494,2505,2491,2501,215791,5391441210,650011
950,2023/12/1,dce.c0000,2501,2504,2483,2487,249836,6228842470,631998
951,2023/12/4,dce.c0000,2487,2500,2482,2488,267908,6675597440,598371
952,2023/12/5,dce.c0000,2488,2496,2478,2485,259382,6453022190,545065
953,2023/12/6,dce.c0000,2485,2501,2476,2499,278459,6931152290,493609
954,2023/12/7,dce.c0000,2499,2503,2483,2492,251523,6270987350,465594
955,2023/12/8,dce.c0000,2497,2500,2480,2498,265321,6607955730,430526
956,2023/12/11,dce.c0000,2491,2498,2480,2487,223920,5572422300,417642
957,2023/12/12,dce.c0000,2481,2488,2447,2470,375162,9252979460,380006
958,2023/12/13,dce.c0000,2466,2470,2452,2456,233681,5748467000,342174
959,2023/12/14,dce.c0000,2451,2464,2441,2452,195412,4791143170,302458
960,2023/12/15,dce.c0000,2450,2461,2443,2444,135009,3308045170,273878
961,2023/12/18,dce.c0000,2445,2446,2388,2404,572919,13802398710,718802
962,2023/12/19,dce.c0000,2407,2407,2371,2379,536923,12798629550,769031
963,2023/12/20,dce.c0000,2379,2395,2364,2391,485180,11560582100,772632
964,2023/12/21,dce.c0000,2392,2403,2386,2396,418688,10023378550,769350
965,2023/12/22,dce.c0000,2396,2424,2392,2416,504100,12156108320,737668
966,2023/12/25,dce.c0000,2417,2458,2417,2436,592533,14462325700,718605
967,2023/12/26,dce.c0000,2439,2440,2414,2417,365516,8874017910,715885
968,2023/12/27,dce.c0000,2416,2424,2404,2410,386903,9336399080,730000
969,2023/12/28,dce.c0000,2409,2437,2407,2437,404450,9796781820,734130
970,2023/12/29,dce.c0000,2437,2438,2412,2413,347095,8412130730,724240
971,2024/1/2,dce.c0000,2420,2432,2407,2424,321823,7791972170,706499
972,2024/1/3,dce.c0000,2426,2449,2422,2435,476327,11594591710,656879
973,2024/1/4,dce.c0000,2435,2440,2422,2423,257623,6266808960,665312
974,2024/1/5,dce.c0000,2421,2424,2391,2395,492651,11851083300,702057
975,2024/1/8,dce.c0000,2397,2410,2382,2390,453864,10863970210,715520
976,2024/1/9,dce.c0000,2387,2392,2371,2387,360918,8594987310,725820
977,2024/1/10,dce.c0000,2383,2391,2354,2355,447702,10620312770,760875
978,2024/1/11,dce.c0000,2350,2431,2340,2406,959521,22909691060,733688
979,2024/1/12,dce.c0000,2401,2407,2374,2375,521090,12453176090,741385
980,2024/1/15,dce.c0000,2379,2393,2367,2384,444910,10583675800,749721
981,2024/1/16,dce.c0000,2385,2390,2372,2386,376760,8966371090,764853
982,2024/1/17,dce.c0000,2380,2385,2354,2357,463672,10996261120,807585
983,2024/1/18,dce.c0000,2351,2365,2331,2358,643827,15108193730,838796
984,2024/1/19,dce.c0000,2352,2366,2339,2343,476173,11201748830,883759
985,2024/1/22,dce.c0000,2340,2345,2317,2323,535777,12476214900,942276
986,2024/1/23,dce.c0000,2322,2344,2318,2340,503843,11737457770,935402
987,2024/1/24,dce.c0000,2345,2353,2334,2345,434885,10194940380,931685
988,2024/1/25,dce.c0000,2345,2355,2341,2347,399028,9369402310,957792
989,2024/1/26,dce.c0000,2341,2363,2335,2358,503567,11828282080,962654
990,2024/1/29,dce.c0000,2360,2388,2352,2376,609982,14469351080,931360
991,2024/1/30,dce.c0000,2376,2379,2365,2373,342718,8130811310,921889
992,2024/1/31,dce.c0000,2373,2397,2363,2390,504780,12030874230,924880
993,2024/2/1,dce.c0000,2389,2404,2382,2401,378351,9057741230,934922
994,2024/2/2,dce.c0000,2403,2410,2394,2405,388199,9325265120,918580
995,2024/2/5,dce.c0000,2405,2405,2379,2395,481072,11501755830,875277
996,2024/2/6,dce.c0000,2395,2416,2393,2415,360982,8678649770,876126
997,2024/2/7,dce.c0000,2414,2415,2403,2407,296730,7147326980,871573
998,2024/2/8,dce.c0000,2407,2418,2394,2413,310839,7486063720,848657
999,2024/2/19,dce.c0000,2395,2401,2377,2391,430203,10278154500,883645
1000,2024/2/20,dce.c0000,2388,2412,2388,2404,494195,11868082840,916450
1001,2024/2/21,dce.c0000,2410,2432,2410,2426,531059,12850182900,951466
1002,2024/2/22,dce.c0000,2426,2466,2421,2464,731608,17860014870,955285
1003,2024/2/23,dce.c0000,2461,2469,2448,2463,579901,14261202000,968240
1004,2024/2/26,dce.c0000,2459,2479,2452,2460,674979,16643792590,958269
1005,2024/2/27,dce.c0000,2455,2460,2445,2453,464933,11407389470,978564
1006,2024/2/28,dce.c0000,2452,2465,2451,2452,407248,10014176230,961603
1007,2024/2/29,dce.c0000,2452,2465,2448,2462,368314,9049431000,960092
1008,2024/3/1,dce.c0000,2462,2473,2454,2462,425327,10483703610,957880
1009,2024/3/4,dce.c0000,2462,2464,2429,2440,593466,14493817370,923914
1010,2024/3/5,dce.c0000,2440,2451,2432,2444,365499,8921691790,923982
1011,2024/3/6,dce.c0000,2444,2457,2438,2453,378725,9271136540,922347
1012,2024/3/7,dce.c0000,2455,2463,2448,2452,340689,8370886400,914230
1013,2024/3/8,dce.c0000,2456,2461,2442,2445,458820,11246690710,915280
1014,2024/3/11,dce.c0000,2444,2445,2423,2428,572919,13932314490,921279
1015,2024/3/12,dce.c0000,2433,2454,2430,2441,512413,12524626360,905806
1016,2024/3/13,dce.c0000,2439,2446,2433,2438,306523,7479410090,902174
1017,2024/3/14,dce.c0000,2438,2445,2423,2425,477414,11624089900,912630
1018,2024/3/15,dce.c0000,2426,2457,2422,2451,576268,14049023220,898751
1019,2024/3/18,dce.c0000,2455,2462,2437,2440,569570,13962518010,882668
1020,2024/3/19,dce.c0000,2438,2439,2414,2420,634865,15387894820,898248
1021,2024/3/20,dce.c0000,2420,2430,2420,2424,319166,7740801910,892777
1022,2024/3/21,dce.c0000,2422,2432,2415,2421,413306,10011891420,886770
1023,2024/3/22,dce.c0000,2421,2426,2395,2401,558919,13459976480,904379
1024,2024/3/25,dce.c0000,2401,2412,2393,2397,448091,10767175140,883517
1025,2024/3/26,dce.c0000,2397,2401,2381,2385,345179,8245916110,892264
1026,2024/3/27,dce.c0000,2383,2398,2381,2384,366780,8755692670,879199
1027,2024/3/28,dce.c0000,2390,2415,2385,2408,610585,14655161240,818232
1028,2024/3/29,dce.c0000,2408,2426,2405,2415,449189,10848923900,776883
1029,2024/4/1,dce.c0000,2410,2427,2407,2426,428162,10345397390,732412
1030,2024/4/2,dce.c0000,2426,2440,2418,2433,371726,9027685420,689731
1031,2024/4/3,dce.c0000,2435,2443,2425,2428,330254,8042571010,670631
1032,2024/4/8,dce.c0000,2423,2425,2404,2419,387247,9347558970,623799
1033,2024/4/9,dce.c0000,2421,2421,2410,2415,333821,8060531760,610407
1034,2024/4/10,dce.c0000,2415,2423,2412,2417,274168,6628484530,575309
1035,2024/4/11,dce.c0000,2417,2421,2394,2394,368089,8854653520,560864
1036,2024/4/12,dce.c0000,2397,2401,2391,2393,265832,6368006050,545880
1037,2024/4/15,dce.c0000,2397,2410,2384,2392,359163,8608012140,518360
1038,2024/4/16,dce.c0000,2392,2396,2376,2382,303805,7250576030,488036
1039,2024/4/17,dce.c0000,2382,2384,2370,2381,301292,7162872650,420253
1040,2024/4/18,dce.c0000,2385,2392,2375,2378,206653,4922689200,356616
1041,2024/4/19,dce.c0000,2407,2419,2398,2414,396479,9546130060,669081
1042,2024/4/22,dce.c0000,2415,2425,2403,2404,363814,8777719770,698681
1043,2024/4/23,dce.c0000,2404,2424,2400,2415,376184,9083732420,705625
1044,2024/4/24,dce.c0000,2414,2424,2409,2422,311486,7529995120,695904
1045,2024/4/25,dce.c0000,2422,2425,2408,2411,307019,7413431360,704997
1046,2024/4/26,dce.c0000,2410,2410,2385,2393,613745,14707693050,766857
1047,2024/4/29,dce.c0000,2390,2400,2375,2391,453344,10823494020,767128
1048,2024/4/30,dce.c0000,2389,2394,2381,2388,276059,6588904800,760220
1049,2024/5/6,dce.c0000,2395,2412,2388,2409,329046,7897745540,745055
1050,2024/5/7,dce.c0000,2414,2441,2409,2438,639753,15533177210,716418
1051,2024/5/8,dce.c0000,2435,2452,2434,2446,476776,11647528420,710063
1052,2024/5/9,dce.c0000,2444,2465,2441,2446,528637,12963617900,708215
1053,2024/5/10,dce.c0000,2442,2457,2439,2453,408313,9990590100,708415
1054,2024/5/13,dce.c0000,2455,2462,2441,2448,467080,11451649010,688074
1055,2024/5/14,dce.c0000,2448,2467,2447,2456,481188,11827045610,688494
1056,2024/5/15,dce.c0000,2457,2460,2446,2459,330356,8108610940,679479
1057,2024/5/16,dce.c0000,2460,2471,2457,2467,346944,8550975560,666715
1058,2024/5/17,dce.c0000,2465,2474,2455,2459,390843,9630694180,639233
1059,2024/5/20,dce.c0000,2458,2465,2448,2454,393038,9652252270,622791
1060,2024/5/21,dce.c0000,2456,2459,2444,2449,411864,10093048220,597758
1061,2024/5/22,dce.c0000,2454,2476,2450,2476,417368,10289611680,609970
1062,2024/5/23,dce.c0000,2477,2483,2466,2473,394035,9750663250,597839
1063,2024/5/24,dce.c0000,2476,2482,2459,2462,393395,9714036090,573112
1064,2024/5/27,dce.c0000,2462,2464,2448,2451,310299,7614224660,560287
1065,2024/5/28,dce.c0000,2457,2457,2446,2450,314611,7711689930,531998
1066,2024/5/29,dce.c0000,2450,2451,2432,2435,409110,9975067900,492947
1067,2024/5/30,dce.c0000,2437,2445,2422,2428,366706,8915809810,462395
1068,2024/5/31,dce.c0000,2431,2439,2427,2434,263824,6423558310,420147
1069,2024/6/3,dce.c0000,2436,2443,2434,2438,246533,6010132800,397339
1070,2024/6/4,dce.c0000,2440,2446,2424,2428,284074,6916439570,372636
1071,2024/6/5,dce.c0000,2430,2441,2427,2435,210941,5135325250,344620
1072,2024/6/6,dce.c0000,2442,2445,2437,2439,162225,3960740460,315294
1073,2024/6/7,dce.c0000,2464,2495,2464,2489,570109,14161259200,630740
1074,2024/6/11,dce.c0000,2490,2504,2481,2485,328716,8184230910,643931
1075,2024/6/12,dce.c0000,2485,2496,2483,2492,305155,7598715760,673052
1076,2024/6/13,dce.c0000,2492,2495,2477,2484,415281,10325698800,679702
1077,2024/6/14,dce.c0000,2486,2494,2482,2483,358979,8931127480,692201
1078,2024/6/17,dce.c0000,2483,2484,2467,2467,443425,10972716880,686590
1079,2024/6/18,dce.c0000,2469,2473,2457,2457,395447,9750447340,710307
1080,2024/6/19,dce.c0000,2457,2472,2453,2458,394309,9707608280,728463
1081,2024/6/20,dce.c0000,2458,2469,2458,2465,322290,7940101360,736987
1082,2024/6/21,dce.c0000,2467,2471,2460,2465,299813,7394234330,739867
1083,2024/6/24,dce.c0000,2464,2499,2462,2495,612034,15212524090,733619
1084,2024/6/25,dce.c0000,2495,2512,2482,2508,608509,15183933270,773061
1085,2024/6/26,dce.c0000,2504,2520,2504,2514,598842,15039696190,771415
1086,2024/6/27,dce.c0000,2514,2519,2509,2512,433966,10907878440,776505
1087,2024/6/28,dce.c0000,2507,2516,2500,2509,373564,9378467280,778093
1088,2024/7/1,dce.c0000,2506,2510,2480,2483,593377,14784323200,724263
1089,2024/7/2,dce.c0000,2483,2489,2475,2489,354298,8790181790,714200
1090,2024/7/3,dce.c0000,2489,2495,2482,2483,320592,7975180610,695242
1091,2024/7/4,dce.c0000,2483,2485,2470,2472,357811,8861051070,685977
1092,2024/7/5,dce.c0000,2471,2479,2466,2469,351976,8703985620,690122
1093,2024/7/8,dce.c0000,2469,2474,2458,2459,417172,10284760350,720395
1094,2024/7/9,dce.c0000,2457,2459,2434,2436,502513,12285208050,751820
1095,2024/7/10,dce.c0000,2436,2436,2416,2420,503469,12208588550,770265
1096,2024/7/11,dce.c0000,2420,2427,2411,2413,379584,9180011940,778490
1097,2024/7/12,dce.c0000,2413,2424,2402,2404,411470,9941021460,784573
1098,2024/7/15,dce.c0000,2408,2414,2376,2384,592270,14192293810,776250
1099,2024/7/16,dce.c0000,2384,2388,2366,2381,419353,9979807680,781438
1100,2024/7/17,dce.c0000,2379,2394,2379,2388,438893,10475000940,772576
1101,2024/7/18,dce.c0000,2389,2396,2378,2394,314794,7512397930,763160
1102,2024/7/19,dce.c0000,2397,2400,2383,2395,319067,7631901590,766986
1103,2024/7/22,dce.c0000,2398,2414,2396,2406,380393,9150593880,746000
1104,2024/7/23,dce.c0000,2405,2411,2391,2393,364751,8760678380,725405
1105,2024/7/24,dce.c0000,2397,2399,2370,2371,481680,11469702900,725760
1106,2024/7/25,dce.c0000,2371,2372,2337,2350,570129,13419343070,706899
1107,2024/7/26,dce.c0000,2350,2363,2335,2357,488994,11494217790,690486
1108,2024/7/29,dce.c0000,2357,2357,2320,2347,493734,11556400520,664749
1109,2024/7/30,dce.c0000,2342,2353,2336,2339,333246,7811990610,653388
1110,2024/7/31,dce.c0000,2342,2353,2332,2351,353026,8269379640,626333
1111,2024/8/1,dce.c0000,2347,2356,2330,2337,381433,8939006290,630547
1112,2024/8/2,dce.c0000,2335,2336,2307,2321,491445,11403383400,643495
1113,2024/8/5,dce.c0000,2324,2326,2274,2281,486923,11199773080,662863
1114,2024/8/6,dce.c0000,2270,2289,2261,2265,448282,10199609610,614014
1115,2024/8/7,dce.c0000,2259,2283,2250,2274,586231,13267332560,566298
1116,2024/8/8,dce.c0000,2274,2301,2270,2300,410472,9377872540,524468
1117,2024/8/9,dce.c0000,2300,2320,2296,2319,471570,10882514470,465399
1118,2024/8/12,dce.c0000,2319,2323,2289,2303,416464,9602288490,414605
1119,2024/8/13,dce.c0000,2303,2318,2289,2294,350288,8059074360,375827
1120,2024/8/14,dce.c0000,2297,2299,2277,2286,346479,7926630200,329772
1121,2024/8/15,dce.c0000,2284,2304,2280,2300,244750,5610363080,302432
1122,2024/8/16,dce.c0000,2274,2278,2252,2254,398079,9015723720,575676
1123,2024/8/19,dce.c0000,2250,2290,2250,2287,494190,11229323420,595312
1124,2024/8/20,dce.c0000,2290,2294,2278,2285,359421,8216894790,618767
1125,2024/8/21,dce.c0000,2288,2303,2283,2303,362740,8308490290,642460
1126,2024/8/22,dce.c0000,2301,2325,2298,2324,476060,11002962890,633186
1127,2024/8/23,dce.c0000,2323,2326,2307,2312,393608,9109396390,631921
1128,2024/8/26,dce.c0000,2312,2335,2310,2333,409533,9522056510,635182
1129,2024/8/27,dce.c0000,2335,2353,2333,2345,435683,10216770700,643674
1130,2024/8/28,dce.c0000,2345,2357,2338,2343,455102,10687915190,639217
1131,2024/8/29,dce.c0000,2336,2349,2336,2344,347834,8145849200,641158
1132,2024/8/30,dce.c0000,2345,2345,2327,2338,404114,9440641610,627430
1133,2024/9/2,dce.c0000,2341,2347,2285,2287,659680,15266975910,592031
1134,2024/9/3,dce.c0000,2284,2287,2261,2272,660198,15012609600,579375
1135,2024/9/4,dce.c0000,2275,2297,2267,2289,541295,12356996280,571963
1136,2024/9/5,dce.c0000,2289,2304,2278,2282,499152,11430373110,573535
1137,2024/9/6,dce.c0000,2285,2289,2265,2268,465178,10594083610,575634
1138,2024/9/9,dce.c0000,2270,2278,2214,2224,630253,14104547780,582264
1139,2024/9/10,dce.c0000,2225,2225,2202,2208,492686,10912364970,579072
1140,2024/9/11,dce.c0000,2204,2213,2177,2209,588539,12922085580,563288
1141,2024/9/12,dce.c0000,2212,2214,2190,2197,466921,10269303140,572719
1142,2024/9/13,dce.c0000,2201,2206,2184,2200,400172,8786560710,557169
1143,2024/9/18,dce.c0000,2190,2207,2161,2199,512404,11187357100,542073
1144,2024/9/19,dce.c0000,2195,2197,2173,2174,453933,9905816480,559550
1145,2024/9/20,dce.c0000,2174,2180,2153,2164,522499,11311483150,558017
1146,2024/9/23,dce.c0000,2158,2158,2105,2138,681944,14555258910,573315
1147,2024/9/24,dce.c0000,2136,2152,2121,2150,557195,11903947990,557048
1148,2024/9/25,dce.c0000,2157,2162,2135,2137,547552,11764319400,528486
1149,2024/9/26,dce.c0000,2131,2153,2119,2150,684768,14622486760,489420
1150,2024/9/27,dce.c0000,2152,2186,2149,2179,679022,14743180190,421993
1151,2024/9/30,dce.c0000,2179,2227,2171,2225,525251,11582103660,361578
1152,2024/10/8,dce.c0000,2220,2220,2168,2184,393806,8637679680,323918
1153,2024/10/9,dce.c0000,2180,2191,2171,2184,326123,7113377490,294671
1154,2024/10/10,dce.c0000,2210,2227,2203,2210,515817,11426018800,627200
1155,2024/10/11,dce.c0000,2210,2218,2204,2213,417519,9235964870,646324
1156,2024/10/14,dce.c0000,2214,2236,2212,2227,536668,11946414070,677087
1157,2024/10/15,dce.c0000,2223,2229,2218,2222,376956,8382573230,679726
1158,2024/10/16,dce.c0000,2220,2220,2203,2210,529861,11706203260,689740
1159,2024/10/17,dce.c0000,2209,2218,2188,2193,683450,15062696440,715252
1160,2024/10/18,dce.c0000,2190,2205,2176,2198,555164,12159260030,744107
1161,2024/10/21,dce.c0000,2195,2200,2168,2170,480565,10472018460,797102
1162,2024/10/22,dce.c0000,2168,2180,2161,2179,477647,10369055050,834882
1163,2024/10/23,dce.c0000,2181,2228,2178,2228,787407,17335300760,841466
1164,2024/10/24,dce.c0000,2228,2241,2219,2230,714078,15936828120,845226
1165,2024/10/25,dce.c0000,2228,2240,2220,2225,553369,12333783190,838443
1166,2024/10/28,dce.c0000,2221,2232,2210,2227,492095,10928847860,858706
1167,2024/10/29,dce.c0000,2226,2231,2220,2226,364875,8122144010,867387
1168,2024/10/30,dce.c0000,2228,2253,2223,2247,627398,14033480340,902657
1169,2024/10/31,dce.c0000,2248,2254,2239,2248,393584,8839180060,891715
1170,2024/11/1,dce.c0000,2250,2250,2232,2240,461587,10339239700,870739
1171,2024/11/4,dce.c0000,2240,2248,2212,2217,605012,13484348300,882657
1172,2024/11/5,dce.c0000,2214,2230,2206,2225,477605,10589853830,880886
1173,2024/11/6,dce.c0000,2224,2235,2215,2222,466532,10370477590,861538
1174,2024/11/7,dce.c0000,2220,2233,2211,2225,523433,11638659430,882426
1175,2024/11/8,dce.c0000,2225,2230,2193,2199,697604,15429358480,931937
1176,2024/11/11,dce.c0000,2195,2206,2181,2187,533133,11682530160,943901
1177,2024/11/12,dce.c0000,2183,2192,2179,2189,362426,7923426570,951891
1178,2024/11/13,dce.c0000,2194,2207,2190,2197,505467,11109703450,938792
1179,2024/11/14,dce.c0000,2198,2205,2194,2195,355867,7825707650,933219
1180,2024/11/15,dce.c0000,2195,2199,2179,2182,470111,10284225550,932388
1181,2024/11/18,dce.c0000,2185,2216,2180,2209,632898,13932093530,908461
1182,2024/11/19,dce.c0000,2209,2215,2201,2205,322944,7127159270,898464
1183,2024/11/20,dce.c0000,2208,2212,2191,2195,410786,9036797170,902775
1184,2024/11/21,dce.c0000,2196,2206,2188,2206,414515,9104156570,885746
1185,2024/11/22,dce.c0000,2207,2215,2188,2190,507671,11176611180,863690
1186,2024/11/25,dce.c0000,2190,2213,2185,2195,597081,13126040660,851104
1187,2024/11/26,dce.c0000,2191,2200,2188,2193,453472,9944698080,843682
1188,2024/11/27,dce.c0000,2193,2197,2172,2187,671490,14661547150,831261
1189,2024/11/28,dce.c0000,2183,2187,2176,2183,318917,6958255860,841841
1190,2024/11/29,dce.c0000,2180,2182,2158,2163,656802,14233747620,849391
1191,2024/12/2,dce.c0000,2160,2169,2137,2138,544070,11702267750,872091
1192,2024/12/3,dce.c0000,2134,2136,2113,2127,641816,13629553020,875099
1193,2024/12/4,dce.c0000,2127,2128,2082,2084,652976,13708570850,861967
1194,2024/12/5,dce.c0000,2079,2107,2035,2099,1352085,28009616680,771427
1195,2024/12/6,dce.c0000,2100,2107,2076,2089,589063,12322203410,733746
1196,2024/12/9,dce.c0000,2090,2100,2083,2087,538106,11253955920,678533
1197,2024/12/10,dce.c0000,2091,2125,2091,2113,635366,13397867510,598655
1198,2024/12/11,dce.c0000,2118,2131,2113,2122,504540,10705817360,530107
1199,2024/12/12,dce.c0000,2118,2126,2113,2115,332769,7052839620,503360
1200,2024/12/13,dce.c0000,2112,2119,2101,2115,354489,7480500390,459925
1201,2024/12/16,dce.c0000,2104,2113,2085,2102,336349,7060887240,420655
1202,2024/12/17,dce.c0000,2202,2209,2184,2186,435508,9555030690,857952
1203,2024/12/18,dce.c0000,2183,2187,2166,2174,523114,11377820880,903467
1204,2024/12/19,dce.c0000,2179,2192,2166,2177,604379,13176023650,932807
1205,2024/12/20,dce.c0000,2173,2186,2168,2184,466979,10169731380,976885
1206,2024/12/23,dce.c0000,2185,2200,2177,2182,571518,12497465230,1026414
1207,2024/12/24,dce.c0000,2182,2193,2173,2189,490615,10704978380,1060195
1208,2024/12/25,dce.c0000,2192,2212,2190,2205,674657,14862770960,1084872
1209,2024/12/26,dce.c0000,2206,2211,2199,2204,401944,8861339280,1104236
1210,2024/12/27,dce.c0000,2208,2243,2206,2234,757547,16873304500,1100060
1211,2024/12/30,dce.c0000,2234,2247,2226,2235,635325,14203527520,1107795
1212,2024/12/31,dce.c0000,2233,2236,2223,2229,417520,9312445270,1107047
